-- phpMyAdmin SQL Dump
-- version 4.7.3
-- https://www.phpmyadmin.net/
--
-- Servidor: localhost:3306
-- Tiempo de generación: 08-01-2018 a las 17:28:41
-- Versión del servidor: 5.6.26-cll-lve
-- Versión de PHP: 5.6.30

SET FOREIGN_KEY_CHECKS=0;
SET SQL_MODE = "NO_AUTO_VALUE_ON_ZERO";
SET AUTOCOMMIT = 0;
START TRANSACTION;
SET time_zone = "+00:00";


/*!40101 SET @OLD_CHARACTER_SET_CLIENT=@@CHARACTER_SET_CLIENT */;
/*!40101 SET @OLD_CHARACTER_SET_RESULTS=@@CHARACTER_SET_RESULTS */;
/*!40101 SET @OLD_COLLATION_CONNECTION=@@COLLATION_CONNECTION */;
/*!40101 SET NAMES utf8mb4 */;

--
-- Base de datos: `lalvirtu_newvc`
--

--
-- Volcado de datos para la tabla `alumnos`
--

-- Volcado de datos para la tabla `areas`
--

INSERT INTO `areas` (`id`, `nombre`, `alias`, `jefe_id`, `orden`, `created_by`, `updated_by`, `deleted_by`, `deleted_at`, `created_at`, `updated_at`) VALUES
(1, 'EDUCACION RELIGIOSA Y MORAL', 'RELIGIÓN', NULL, 7, NULL, NULL, NULL, NULL, '2015-03-09 07:17:09', '2016-02-23 20:21:27'),
(2, 'MATEMÁTICAS', 'MATEMÁTICAS', NULL, 9, NULL, NULL, NULL, NULL, '2015-03-09 07:17:49', '2016-02-23 20:21:51'),
(3, 'CIENCIAS NATURALES Y EDUCACIÓN AMBIENTAL', 'NATURALES', NULL, 2, NULL, NULL, NULL, NULL, '2015-03-09 07:18:17', '2015-03-09 17:20:07'),
(4, 'FILOSOFÍA', 'FILOSOFÍA', NULL, 1, NULL, NULL, NULL, NULL, '2015-03-09 17:19:38', '2015-03-09 17:20:01'),
(5, 'CIENCIAS SOCIALES, HISTORIA, GEOGRAFÍA, CONSTITUCIÓN POLÍTICA Y DEMOCRACIA', 'SOCIALES, POLITICAS', NULL, 3, NULL, NULL, NULL, NULL, '2015-03-09 17:21:14', '2015-03-09 17:21:14'),
(6, 'EDUCACIÓN ARTÍSTICA', 'ARTÍSTICA', NULL, 4, NULL, NULL, NULL, NULL, '2015-03-09 17:21:33', '2015-03-09 17:21:33'),
(7, 'EDUCACIÓN FISICA, RECREACION Y DEPORTES', 'EDUCACIÓN FÍSICA', NULL, 6, NULL, NULL, NULL, NULL, '2015-03-09 17:21:48', '2016-02-23 20:21:19'),
(8, 'METODOLOGÍA DE LA INVESTIGACIÓN', 'INVESTIGACIÓN', NULL, 15, NULL, NULL, NULL, NULL, '2015-03-09 17:59:06', '2015-03-10 00:58:27'),
(9, 'CIENCIAS ECONÓMICAS Y POLÍTICAS', 'ECONÓMICAS Y POLITICAS', NULL, 7, NULL, NULL, NULL, NULL, '2015-03-10 00:56:28', '2015-03-10 00:56:28'),
(10, 'EDUCACIÓN ÉTICA Y EN VALORES HUMANOS', 'ÉTICA Y VALORES', NULL, 5, NULL, NULL, NULL, NULL, '2015-03-10 00:57:33', '2016-02-23 20:20:49'),
(11, 'HUMANIDADES, LENGUA CASTELLANA E IDIOMA EXTRANJERO', 'LENGUAJE', NULL, 8, NULL, NULL, NULL, NULL, '2015-03-10 00:58:04', '2016-02-23 20:21:38'),
(12, 'TECNOLOGÍA E INFORMÁTICA', 'TECNOLOGÍA E INFORMÁTICA', NULL, 10, NULL, NULL, NULL, NULL, '2015-03-10 00:59:46', '2016-02-23 20:22:03'),
(13, 'DIMENSIÓN MUSICAL', 'DIMMUS', NULL, 12, NULL, NULL, NULL, NULL, '2015-03-12 04:45:39', '2015-03-12 04:45:39'),
(14, 'DIMENSIÓN MOTRIZ', 'DIMMOTRIZ', NULL, 13, NULL, NULL, NULL, NULL, '2015-03-12 04:46:29', '2015-03-12 04:46:29'),
(15, 'DIMENSIÓN PERCEPTIVA', 'DIMPER', NULL, 14, NULL, NULL, NULL, NULL, '2015-03-12 04:48:26', '2015-03-12 04:48:26'),
(16, 'DIMENSIÓN COGNITIVA', 'DIMCOG', NULL, 14, NULL, NULL, NULL, NULL, '2015-03-12 04:50:06', '2015-03-12 04:50:06'),
(17, 'DIMENSIÓN SOCIOAFECTIVA', 'DIMSOC', NULL, 10, NULL, NULL, NULL, NULL, '2015-03-12 04:50:20', '2015-03-12 04:50:20'),
(18, 'DIMENSIÓN CORPORAL', 'DIMCOR', NULL, 16, NULL, NULL, NULL, NULL, '2015-03-12 04:50:32', '2015-03-12 04:50:32'),
(19, 'DIMENSION COMUNICATIVA', 'DIMCOM', NULL, 17, NULL, NULL, NULL, NULL, '2015-03-12 04:50:47', '2015-03-12 04:50:47'),
(20, 'DIMENSIÓN ESPIRITUAL, ÉTICA Y VALORES', 'DIMESPI', NULL, 18, NULL, NULL, NULL, NULL, '2015-03-12 04:51:39', '2015-03-12 04:51:39');


--
-- Volcado de datos para la tabla `ciudades`
--

INSERT INTO `ciudades` (`id`, `ciudad`, `departamento`, `pais_id`, `created_by`, `updated_by`, `deleted_by`, `deleted_at`, `created_at`, `updated_at`) VALUES
(1, 'Santafé de Bogotá', 'Santafé de Bogotá', 1, NULL, NULL, NULL, NULL, '0000-00-00 00:00:00', '0000-00-00 00:00:00'),
(2, 'Puerto Nariño', 'Amazonas', 1, NULL, NULL, NULL, NULL, '0000-00-00 00:00:00', '0000-00-00 00:00:00'),
(3, 'Leticia', 'Amazonas', 1, NULL, NULL, NULL, NULL, '0000-00-00 00:00:00', '0000-00-00 00:00:00'),
(4, 'Medellín', 'Antioquia', 1, NULL, NULL, NULL, NULL, '0000-00-00 00:00:00', '0000-00-00 00:00:00'),
(5, 'Abejorral', 'Antioquia', 1, NULL, NULL, NULL, NULL, '0000-00-00 00:00:00', '0000-00-00 00:00:00'),
(6, 'Abriaqui', 'Antioquia', 1, NULL, NULL, NULL, NULL, '0000-00-00 00:00:00', '0000-00-00 00:00:00'),
(7, 'Alejandría', 'Antioquia', 1, NULL, NULL, NULL, NULL, '0000-00-00 00:00:00', '0000-00-00 00:00:00'),
(8, 'Amagá', 'Antioquia', 1, NULL, NULL, NULL, NULL, '0000-00-00 00:00:00', '0000-00-00 00:00:00'),
(9, 'Amalfi', 'Antioquia', 1, NULL, NULL, NULL, NULL, '0000-00-00 00:00:00', '0000-00-00 00:00:00'),
(10, 'Andes', 'Antioquia', 1, NULL, NULL, NULL, NULL, '0000-00-00 00:00:00', '0000-00-00 00:00:00'),
(11, 'Angelópolis', 'Antioquia', 1, NULL, NULL, NULL, NULL, '0000-00-00 00:00:00', '0000-00-00 00:00:00'),
(12, 'Angostura', 'Antioquia', 1, NULL, NULL, NULL, NULL, '0000-00-00 00:00:00', '0000-00-00 00:00:00'),
(13, 'Anorí', 'Antioquia', 1, NULL, NULL, NULL, NULL, '0000-00-00 00:00:00', '0000-00-00 00:00:00'),
(14, 'Antioquia', 'Antioquia', 1, NULL, NULL, NULL, NULL, '0000-00-00 00:00:00', '0000-00-00 00:00:00'),
(15, 'Anzá', 'Antioquia', 1, NULL, NULL, NULL, NULL, '0000-00-00 00:00:00', '0000-00-00 00:00:00'),
(16, 'Apartadó', 'Antioquia', 1, NULL, NULL, NULL, NULL, '0000-00-00 00:00:00', '0000-00-00 00:00:00'),
(17, 'Arboletes', 'Antioquia', 1, NULL, NULL, NULL, NULL, '0000-00-00 00:00:00', '0000-00-00 00:00:00'),
(18, 'Argelia', 'Antioquia', 1, NULL, NULL, NULL, NULL, '0000-00-00 00:00:00', '0000-00-00 00:00:00'),
(19, 'Armenia', 'Antioquia', 1, NULL, NULL, NULL, NULL, '0000-00-00 00:00:00', '0000-00-00 00:00:00'),
(20, 'Barbosa', 'Antioquia', 1, NULL, NULL, NULL, NULL, '0000-00-00 00:00:00', '0000-00-00 00:00:00'),
(21, 'Belmira', 'Antioquia', 1, NULL, NULL, NULL, NULL, '0000-00-00 00:00:00', '0000-00-00 00:00:00'),
(22, 'Bello', 'Antioquia', 1, NULL, NULL, NULL, NULL, '0000-00-00 00:00:00', '0000-00-00 00:00:00'),
(23, 'Betania', 'Antioquia', 1, NULL, NULL, NULL, NULL, '0000-00-00 00:00:00', '0000-00-00 00:00:00'),
(24, 'Betulia', 'Antioquia', 1, NULL, NULL, NULL, NULL, '0000-00-00 00:00:00', '0000-00-00 00:00:00'),
(25, 'Bolívar', 'Antioquia', 1, NULL, NULL, NULL, NULL, '0000-00-00 00:00:00', '0000-00-00 00:00:00'),
(26, 'Briseño', 'Antioquia', 1, NULL, NULL, NULL, NULL, '0000-00-00 00:00:00', '0000-00-00 00:00:00'),
(27, 'Buriticá', 'Antioquia', 1, NULL, NULL, NULL, NULL, '0000-00-00 00:00:00', '0000-00-00 00:00:00'),
(28, 'Cáceres', 'Antioquia', 1, NULL, NULL, NULL, NULL, '0000-00-00 00:00:00', '0000-00-00 00:00:00'),
(29, 'Caicedo', 'Antioquia', 1, NULL, NULL, NULL, NULL, '0000-00-00 00:00:00', '0000-00-00 00:00:00'),
(30, 'Caldas', 'Antioquia', 1, NULL, NULL, NULL, NULL, '0000-00-00 00:00:00', '0000-00-00 00:00:00'),
(31, 'Campamento', 'Antioquia', 1, NULL, NULL, NULL, NULL, '0000-00-00 00:00:00', '0000-00-00 00:00:00'),
(32, 'Cañasgordas', 'Antioquia', 1, NULL, NULL, NULL, NULL, '0000-00-00 00:00:00', '0000-00-00 00:00:00'),
(33, 'Caracolí', 'Antioquia', 1, NULL, NULL, NULL, NULL, '0000-00-00 00:00:00', '0000-00-00 00:00:00'),
(34, 'Caramanta', 'Antioquia', 1, NULL, NULL, NULL, NULL, '0000-00-00 00:00:00', '0000-00-00 00:00:00'),
(35, 'Carepa', 'Antioquia', 1, NULL, NULL, NULL, NULL, '0000-00-00 00:00:00', '0000-00-00 00:00:00'),
(36, 'Carmen de Viboral', 'Antioquia', 1, NULL, NULL, NULL, NULL, '0000-00-00 00:00:00', '0000-00-00 00:00:00'),
(37, 'Carolina', 'Antioquia', 1, NULL, NULL, NULL, NULL, '0000-00-00 00:00:00', '0000-00-00 00:00:00'),
(38, 'Caucasia', 'Antioquia', 1, NULL, NULL, NULL, NULL, '0000-00-00 00:00:00', '0000-00-00 00:00:00'),
(39, 'Chigorodó', 'Antioquia', 1, NULL, NULL, NULL, NULL, '0000-00-00 00:00:00', '0000-00-00 00:00:00'),
(40, 'Cisneros', 'Antioquia', 1, NULL, NULL, NULL, NULL, '0000-00-00 00:00:00', '0000-00-00 00:00:00'),
(41, 'Cocorná', 'Antioquia', 1, NULL, NULL, NULL, NULL, '0000-00-00 00:00:00', '0000-00-00 00:00:00'),
(42, 'Concepción', 'Antioquia', 1, NULL, NULL, NULL, NULL, '0000-00-00 00:00:00', '0000-00-00 00:00:00'),
(43, 'Concordia', 'Antioquia', 1, NULL, NULL, NULL, NULL, '0000-00-00 00:00:00', '0000-00-00 00:00:00'),
(44, 'Copacabana', 'Antioquia', 1, NULL, NULL, NULL, NULL, '0000-00-00 00:00:00', '0000-00-00 00:00:00'),
(45, 'Dabeiba', 'Antioquia', 1, NULL, NULL, NULL, NULL, '0000-00-00 00:00:00', '0000-00-00 00:00:00'),
(46, 'Don Matías', 'Antioquia', 1, NULL, NULL, NULL, NULL, '0000-00-00 00:00:00', '0000-00-00 00:00:00'),
(47, 'Ebéjico', 'Antioquia', 1, NULL, NULL, NULL, NULL, '0000-00-00 00:00:00', '0000-00-00 00:00:00'),
(48, 'El Bagre', 'Antioquia', 1, NULL, NULL, NULL, NULL, '0000-00-00 00:00:00', '0000-00-00 00:00:00'),
(49, 'Entrerríos', 'Antioquia', 1, NULL, NULL, NULL, NULL, '0000-00-00 00:00:00', '0000-00-00 00:00:00'),
(50, 'Envigado', 'Antioquia', 1, NULL, NULL, NULL, NULL, '0000-00-00 00:00:00', '0000-00-00 00:00:00'),
(51, 'Fredonia', 'Antioquia', 1, NULL, NULL, NULL, NULL, '0000-00-00 00:00:00', '0000-00-00 00:00:00'),
(52, 'Frontino', 'Antioquia', 1, NULL, NULL, NULL, NULL, '0000-00-00 00:00:00', '0000-00-00 00:00:00'),
(53, 'Giraldo', 'Antioquia', 1, NULL, NULL, NULL, NULL, '0000-00-00 00:00:00', '0000-00-00 00:00:00'),
(54, 'Girardota', 'Antioquia', 1, NULL, NULL, NULL, NULL, '0000-00-00 00:00:00', '0000-00-00 00:00:00'),
(55, 'Gómez Plata', 'Antioquia', 1, NULL, NULL, NULL, NULL, '0000-00-00 00:00:00', '0000-00-00 00:00:00'),
(56, 'Granada', 'Antioquia', 1, NULL, NULL, NULL, NULL, '0000-00-00 00:00:00', '0000-00-00 00:00:00'),
(57, 'Guadalupe', 'Antioquia', 1, NULL, NULL, NULL, NULL, '0000-00-00 00:00:00', '0000-00-00 00:00:00'),
(58, 'Guarne', 'Antioquia', 1, NULL, NULL, NULL, NULL, '0000-00-00 00:00:00', '0000-00-00 00:00:00'),
(59, 'Guatapé', 'Antioquia', 1, NULL, NULL, NULL, NULL, '0000-00-00 00:00:00', '0000-00-00 00:00:00'),
(60, 'Heliconia', 'Antioquia', 1, NULL, NULL, NULL, NULL, '0000-00-00 00:00:00', '0000-00-00 00:00:00'),
(61, 'Hispania', 'Antioquia', 1, NULL, NULL, NULL, NULL, '0000-00-00 00:00:00', '0000-00-00 00:00:00'),
(62, 'Itagüí', 'Antioquia', 1, NULL, NULL, NULL, NULL, '0000-00-00 00:00:00', '0000-00-00 00:00:00'),
(63, 'Ituango', 'Antioquia', 1, NULL, NULL, NULL, NULL, '0000-00-00 00:00:00', '0000-00-00 00:00:00'),
(64, 'Jardín', 'Antioquia', 1, NULL, NULL, NULL, NULL, '0000-00-00 00:00:00', '0000-00-00 00:00:00'),
(65, 'Jericó', 'Antioquia', 1, NULL, NULL, NULL, NULL, '0000-00-00 00:00:00', '0000-00-00 00:00:00'),
(66, 'La Ceja', 'Antioquia', 1, NULL, NULL, NULL, NULL, '0000-00-00 00:00:00', '0000-00-00 00:00:00'),
(67, 'La Estrella', 'Antioquia', 1, NULL, NULL, NULL, NULL, '0000-00-00 00:00:00', '0000-00-00 00:00:00'),
(68, 'La Pintada', 'Antioquia', 1, NULL, NULL, NULL, NULL, '0000-00-00 00:00:00', '0000-00-00 00:00:00'),
(69, 'La Unión', 'Antioquia', 1, NULL, NULL, NULL, NULL, '0000-00-00 00:00:00', '0000-00-00 00:00:00'),
(70, 'Liborina', 'Antioquia', 1, NULL, NULL, NULL, NULL, '0000-00-00 00:00:00', '0000-00-00 00:00:00'),
(71, 'Maceo', 'Antioquia', 1, NULL, NULL, NULL, NULL, '0000-00-00 00:00:00', '0000-00-00 00:00:00'),
(72, 'Marinilla', 'Antioquia', 1, NULL, NULL, NULL, NULL, '0000-00-00 00:00:00', '0000-00-00 00:00:00'),
(73, 'Montebello', 'Antioquia', 1, NULL, NULL, NULL, NULL, '0000-00-00 00:00:00', '0000-00-00 00:00:00'),
(74, 'Murindó', 'Antioquia', 1, NULL, NULL, NULL, NULL, '0000-00-00 00:00:00', '0000-00-00 00:00:00'),
(75, 'Mutatá', 'Antioquia', 1, NULL, NULL, NULL, NULL, '0000-00-00 00:00:00', '0000-00-00 00:00:00'),
(76, 'Nariño', 'Antioquia', 1, NULL, NULL, NULL, NULL, '0000-00-00 00:00:00', '0000-00-00 00:00:00'),
(77, 'Necoclí', 'Antioquia', 1, NULL, NULL, NULL, NULL, '0000-00-00 00:00:00', '0000-00-00 00:00:00'),
(78, 'Nechí', 'Antioquia', 1, NULL, NULL, NULL, NULL, '0000-00-00 00:00:00', '0000-00-00 00:00:00'),
(79, 'Olaya', 'Antioquia', 1, NULL, NULL, NULL, NULL, '0000-00-00 00:00:00', '0000-00-00 00:00:00'),
(80, 'Peñol', 'Antioquia', 1, NULL, NULL, NULL, NULL, '0000-00-00 00:00:00', '0000-00-00 00:00:00'),
(81, 'Peque', 'Antioquia', 1, NULL, NULL, NULL, NULL, '0000-00-00 00:00:00', '0000-00-00 00:00:00'),
(82, 'Pueblorrico', 'Antioquia', 1, NULL, NULL, NULL, NULL, '0000-00-00 00:00:00', '0000-00-00 00:00:00'),
(83, 'Puerto Berrío', 'Antioquia', 1, NULL, NULL, NULL, NULL, '0000-00-00 00:00:00', '0000-00-00 00:00:00'),
(84, 'Puerto Nare', 'Antioquia', 1, NULL, NULL, NULL, NULL, '0000-00-00 00:00:00', '0000-00-00 00:00:00'),
(85, 'Puerto Triunfo', 'Antioquia', 1, NULL, NULL, NULL, NULL, '0000-00-00 00:00:00', '0000-00-00 00:00:00'),
(86, 'Remedios', 'Antioquia', 1, NULL, NULL, NULL, NULL, '0000-00-00 00:00:00', '0000-00-00 00:00:00'),
(87, 'Retiro', 'Antioquia', 1, NULL, NULL, NULL, NULL, '0000-00-00 00:00:00', '0000-00-00 00:00:00'),
(88, 'Rionegro', 'Antioquia', 1, NULL, NULL, NULL, NULL, '0000-00-00 00:00:00', '0000-00-00 00:00:00'),
(89, 'Sabanalarga', 'Antioquia', 1, NULL, NULL, NULL, NULL, '0000-00-00 00:00:00', '0000-00-00 00:00:00'),
(90, 'Sabaneta', 'Antioquia', 1, NULL, NULL, NULL, NULL, '0000-00-00 00:00:00', '0000-00-00 00:00:00'),
(91, 'Salgar', 'Antioquia', 1, NULL, NULL, NULL, NULL, '0000-00-00 00:00:00', '0000-00-00 00:00:00'),
(92, 'San Andrés', 'Antioquia', 1, NULL, NULL, NULL, NULL, '0000-00-00 00:00:00', '0000-00-00 00:00:00'),
(93, 'San Carlos', 'Antioquia', 1, NULL, NULL, NULL, NULL, '0000-00-00 00:00:00', '0000-00-00 00:00:00'),
(94, 'San francisco', 'Antioquia', 1, NULL, NULL, NULL, NULL, '0000-00-00 00:00:00', '0000-00-00 00:00:00'),
(95, 'San Jerónimo', 'Antioquia', 1, NULL, NULL, NULL, NULL, '0000-00-00 00:00:00', '0000-00-00 00:00:00'),
(96, 'San José de Montaña', 'Antioquia', 1, NULL, NULL, NULL, NULL, '0000-00-00 00:00:00', '0000-00-00 00:00:00'),
(97, 'San Juan de Urabá', 'Antioquia', 1, NULL, NULL, NULL, NULL, '0000-00-00 00:00:00', '0000-00-00 00:00:00'),
(98, 'San Luis', 'Antioquia', 1, NULL, NULL, NULL, NULL, '0000-00-00 00:00:00', '0000-00-00 00:00:00'),
(99, 'San Pedro', 'Antioquia', 1, NULL, NULL, NULL, NULL, '0000-00-00 00:00:00', '0000-00-00 00:00:00'),
(100, 'San Pedro de Urabá', 'Antioquia', 1, NULL, NULL, NULL, NULL, '0000-00-00 00:00:00', '0000-00-00 00:00:00'),
(101, 'San Rafael', 'Antioquia', 1, NULL, NULL, NULL, NULL, '0000-00-00 00:00:00', '0000-00-00 00:00:00'),
(102, 'San Roque', 'Antioquia', 1, NULL, NULL, NULL, NULL, '0000-00-00 00:00:00', '0000-00-00 00:00:00'),
(103, 'San Vicente', 'Antioquia', 1, NULL, NULL, NULL, NULL, '0000-00-00 00:00:00', '0000-00-00 00:00:00'),
(104, 'Santa Bárbara', 'Antioquia', 1, NULL, NULL, NULL, NULL, '0000-00-00 00:00:00', '0000-00-00 00:00:00'),
(105, 'Santa Rosa de Osos', 'Antioquia', 1, NULL, NULL, NULL, NULL, '0000-00-00 00:00:00', '0000-00-00 00:00:00'),
(106, 'Santo Domingo', 'Antioquia', 1, NULL, NULL, NULL, NULL, '0000-00-00 00:00:00', '0000-00-00 00:00:00'),
(107, 'Santuario', 'Antioquia', 1, NULL, NULL, NULL, NULL, '0000-00-00 00:00:00', '0000-00-00 00:00:00'),
(108, 'Segovia', 'Antioquia', 1, NULL, NULL, NULL, NULL, '0000-00-00 00:00:00', '0000-00-00 00:00:00'),
(109, 'Sonsón', 'Antioquia', 1, NULL, NULL, NULL, NULL, '0000-00-00 00:00:00', '0000-00-00 00:00:00'),
(110, 'Sopetrán', 'Antioquia', 1, NULL, NULL, NULL, NULL, '0000-00-00 00:00:00', '0000-00-00 00:00:00'),
(111, 'Támesis', 'Antioquia', 1, NULL, NULL, NULL, NULL, '0000-00-00 00:00:00', '0000-00-00 00:00:00'),
(112, 'Tarazá', 'Antioquia', 1, NULL, NULL, NULL, NULL, '0000-00-00 00:00:00', '0000-00-00 00:00:00'),
(113, 'Tarso', 'Antioquia', 1, NULL, NULL, NULL, NULL, '0000-00-00 00:00:00', '0000-00-00 00:00:00'),
(114, 'Titiribí', 'Antioquia', 1, NULL, NULL, NULL, NULL, '0000-00-00 00:00:00', '0000-00-00 00:00:00'),
(115, 'Toledo', 'Antioquia', 1, NULL, NULL, NULL, NULL, '0000-00-00 00:00:00', '0000-00-00 00:00:00'),
(116, 'Turbo', 'Antioquia', 1, NULL, NULL, NULL, NULL, '0000-00-00 00:00:00', '0000-00-00 00:00:00'),
(117, 'Uramita', 'Antioquia', 1, NULL, NULL, NULL, NULL, '0000-00-00 00:00:00', '0000-00-00 00:00:00'),
(118, 'Urrao', 'Antioquia', 1, NULL, NULL, NULL, NULL, '0000-00-00 00:00:00', '0000-00-00 00:00:00'),
(119, 'Valdivia', 'Antioquia', 1, NULL, NULL, NULL, NULL, '0000-00-00 00:00:00', '0000-00-00 00:00:00'),
(120, 'Valparaíso', 'Antioquia', 1, NULL, NULL, NULL, NULL, '0000-00-00 00:00:00', '0000-00-00 00:00:00'),
(121, 'Vegachí', 'Antioquia', 1, NULL, NULL, NULL, NULL, '0000-00-00 00:00:00', '0000-00-00 00:00:00'),
(122, 'Venecia', 'Antioquia', 1, NULL, NULL, NULL, NULL, '0000-00-00 00:00:00', '0000-00-00 00:00:00'),
(123, 'Vigía del Fuerte', 'Antioquia', 1, NULL, NULL, NULL, NULL, '0000-00-00 00:00:00', '0000-00-00 00:00:00'),
(124, 'Yalí', 'Antioquia', 1, NULL, NULL, NULL, NULL, '0000-00-00 00:00:00', '0000-00-00 00:00:00'),
(125, 'Yarumal', 'Antioquia', 1, NULL, NULL, NULL, NULL, '0000-00-00 00:00:00', '0000-00-00 00:00:00'),
(126, 'Yolombó', 'Antioquia', 1, NULL, NULL, NULL, NULL, '0000-00-00 00:00:00', '0000-00-00 00:00:00'),
(127, 'Yondó (Casabe)', 'Antioquia', 1, NULL, NULL, NULL, NULL, '0000-00-00 00:00:00', '0000-00-00 00:00:00'),
(128, 'Zaragoza', 'Antioquia', 1, NULL, NULL, NULL, NULL, '0000-00-00 00:00:00', '0000-00-00 00:00:00'),
(129, 'Arauca', 'Arauca', 1, NULL, NULL, NULL, NULL, '0000-00-00 00:00:00', '0000-00-00 00:00:00'),
(130, 'Arauquita', 'Arauca', 1, NULL, NULL, NULL, NULL, '0000-00-00 00:00:00', '0000-00-00 00:00:00'),
(131, 'Cravo Norte', 'Arauca', 1, NULL, NULL, NULL, NULL, '0000-00-00 00:00:00', '0000-00-00 00:00:00'),
(132, 'Fortul', 'Arauca', 1, NULL, NULL, NULL, NULL, '0000-00-00 00:00:00', '0000-00-00 00:00:00'),
(133, 'Puerto Rondón', 'Arauca', 1, NULL, NULL, NULL, NULL, '0000-00-00 00:00:00', '0000-00-00 00:00:00'),
(134, 'Fortul', 'Arauca', 1, NULL, NULL, NULL, NULL, '0000-00-00 00:00:00', '0000-00-00 00:00:00'),
(135, 'Puerto Rondón', 'Arauca', 1, NULL, NULL, NULL, NULL, '0000-00-00 00:00:00', '0000-00-00 00:00:00'),
(136, 'Saravena', 'Arauca', 1, NULL, NULL, NULL, NULL, '0000-00-00 00:00:00', '0000-00-00 00:00:00'),
(137, 'Tame', 'Arauca', 1, NULL, NULL, NULL, NULL, '0000-00-00 00:00:00', '0000-00-00 00:00:00'),
(138, 'Barranquilla', 'Atlantico', 1, NULL, NULL, NULL, NULL, '0000-00-00 00:00:00', '0000-00-00 00:00:00'),
(139, 'Baranoa', 'Atlantico', 1, NULL, NULL, NULL, NULL, '0000-00-00 00:00:00', '0000-00-00 00:00:00'),
(140, 'Campo de la Cruz', 'Atlantico', 1, NULL, NULL, NULL, NULL, '0000-00-00 00:00:00', '0000-00-00 00:00:00'),
(141, 'Candelaria', 'Atlantico', 1, NULL, NULL, NULL, NULL, '0000-00-00 00:00:00', '0000-00-00 00:00:00'),
(142, 'Galapa', 'Atlantico', 1, NULL, NULL, NULL, NULL, '0000-00-00 00:00:00', '0000-00-00 00:00:00'),
(143, 'Juan de Acosta', 'Atlantico', 1, NULL, NULL, NULL, NULL, '0000-00-00 00:00:00', '0000-00-00 00:00:00'),
(144, 'Luruaco', 'Atlantico', 1, NULL, NULL, NULL, NULL, '0000-00-00 00:00:00', '0000-00-00 00:00:00'),
(145, 'Malambo', 'Atlantico', 1, NULL, NULL, NULL, NULL, '0000-00-00 00:00:00', '0000-00-00 00:00:00'),
(146, 'Manatí', 'Atlantico', 1, NULL, NULL, NULL, NULL, '0000-00-00 00:00:00', '0000-00-00 00:00:00'),
(147, 'Palmar de Varela', 'Atlantico', 1, NULL, NULL, NULL, NULL, '0000-00-00 00:00:00', '0000-00-00 00:00:00'),
(148, 'Piojó', 'Atlantico', 1, NULL, NULL, NULL, NULL, '0000-00-00 00:00:00', '0000-00-00 00:00:00'),
(149, 'Polonuevo', 'Atlantico', 1, NULL, NULL, NULL, NULL, '0000-00-00 00:00:00', '0000-00-00 00:00:00'),
(150, 'Ponedera', 'Atlantico', 1, NULL, NULL, NULL, NULL, '0000-00-00 00:00:00', '0000-00-00 00:00:00'),
(151, 'Puerto Colombia', 'Atlantico', 1, NULL, NULL, NULL, NULL, '0000-00-00 00:00:00', '0000-00-00 00:00:00'),
(152, 'Repelón', 'Atlantico', 1, NULL, NULL, NULL, NULL, '0000-00-00 00:00:00', '0000-00-00 00:00:00'),
(153, 'Sabanagrande', 'Atlantico', 1, NULL, NULL, NULL, NULL, '0000-00-00 00:00:00', '0000-00-00 00:00:00'),
(154, 'Sabanalarga', 'Atlantico', 1, NULL, NULL, NULL, NULL, '0000-00-00 00:00:00', '0000-00-00 00:00:00'),
(155, 'Santa Lucía', 'Atlantico', 1, NULL, NULL, NULL, NULL, '0000-00-00 00:00:00', '0000-00-00 00:00:00'),
(156, 'Santo Tomás', 'Atlantico', 1, NULL, NULL, NULL, NULL, '0000-00-00 00:00:00', '0000-00-00 00:00:00'),
(157, 'Soledad', 'Atlantico', 1, NULL, NULL, NULL, NULL, '0000-00-00 00:00:00', '0000-00-00 00:00:00'),
(158, 'Suán', 'Atlantico', 1, NULL, NULL, NULL, NULL, '0000-00-00 00:00:00', '0000-00-00 00:00:00'),
(159, 'Tubará', 'Atlantico', 1, NULL, NULL, NULL, NULL, '0000-00-00 00:00:00', '0000-00-00 00:00:00'),
(160, 'Usiacurí', 'Atlantico', 1, NULL, NULL, NULL, NULL, '0000-00-00 00:00:00', '0000-00-00 00:00:00'),
(161, 'Cartagena', 'Atlantico', 1, NULL, NULL, NULL, NULL, '0000-00-00 00:00:00', '0000-00-00 00:00:00'),
(162, 'Achí', 'Atlantico', 1, NULL, NULL, NULL, NULL, '0000-00-00 00:00:00', '0000-00-00 00:00:00'),
(163, 'Altos del Rosario', 'Atlantico', 1, NULL, NULL, NULL, NULL, '0000-00-00 00:00:00', '0000-00-00 00:00:00'),
(164, 'Arenal', 'Atlantico', 1, NULL, NULL, NULL, NULL, '0000-00-00 00:00:00', '0000-00-00 00:00:00'),
(165, 'Arjona', 'Atlantico', 1, NULL, NULL, NULL, NULL, '0000-00-00 00:00:00', '0000-00-00 00:00:00'),
(166, 'Arroyohondo', 'Atlantico', 1, NULL, NULL, NULL, NULL, '0000-00-00 00:00:00', '0000-00-00 00:00:00'),
(167, 'Barranco de Loba', 'Atlantico', 1, NULL, NULL, NULL, NULL, '0000-00-00 00:00:00', '0000-00-00 00:00:00'),
(168, 'Calamar', 'Atlantico', 1, NULL, NULL, NULL, NULL, '0000-00-00 00:00:00', '0000-00-00 00:00:00'),
(169, 'Cantagallo', 'Atlantico', 1, NULL, NULL, NULL, NULL, '0000-00-00 00:00:00', '0000-00-00 00:00:00'),
(170, 'Cicuto', 'Atlantico', 1, NULL, NULL, NULL, NULL, '0000-00-00 00:00:00', '0000-00-00 00:00:00'),
(171, 'Córdoba', 'Atlantico', 1, NULL, NULL, NULL, NULL, '0000-00-00 00:00:00', '0000-00-00 00:00:00'),
(172, 'Clemencia', 'Atlantico', 1, NULL, NULL, NULL, NULL, '0000-00-00 00:00:00', '0000-00-00 00:00:00'),
(173, 'El Carmen de Bolívar', 'Atlantico', 1, NULL, NULL, NULL, NULL, '0000-00-00 00:00:00', '0000-00-00 00:00:00'),
(174, 'El Guamo', 'Atlantico', 1, NULL, NULL, NULL, NULL, '0000-00-00 00:00:00', '0000-00-00 00:00:00'),
(175, 'El Peñón', 'Atlantico', 1, NULL, NULL, NULL, NULL, '0000-00-00 00:00:00', '0000-00-00 00:00:00'),
(176, 'Hatillo de Loba', 'Atlantico', 1, NULL, NULL, NULL, NULL, '0000-00-00 00:00:00', '0000-00-00 00:00:00'),
(177, 'Magangue', 'Atlantico', 1, NULL, NULL, NULL, NULL, '0000-00-00 00:00:00', '0000-00-00 00:00:00'),
(178, 'Mahates', 'Atlantico', 1, NULL, NULL, NULL, NULL, '0000-00-00 00:00:00', '0000-00-00 00:00:00'),
(179, 'Margarita', 'Atlantico', 1, NULL, NULL, NULL, NULL, '0000-00-00 00:00:00', '0000-00-00 00:00:00'),
(180, 'María la Baja', 'Atlantico', 1, NULL, NULL, NULL, NULL, '0000-00-00 00:00:00', '0000-00-00 00:00:00'),
(181, 'Montecristo', 'Atlantico', 1, NULL, NULL, NULL, NULL, '0000-00-00 00:00:00', '0000-00-00 00:00:00'),
(182, 'Mompós', 'Atlantico', 1, NULL, NULL, NULL, NULL, '0000-00-00 00:00:00', '0000-00-00 00:00:00'),
(183, 'Morales', 'Atlantico', 1, NULL, NULL, NULL, NULL, '0000-00-00 00:00:00', '0000-00-00 00:00:00'),
(184, 'Pinillos', 'Atlantico', 1, NULL, NULL, NULL, NULL, '0000-00-00 00:00:00', '0000-00-00 00:00:00'),
(185, 'Regidor', 'Atlantico', 1, NULL, NULL, NULL, NULL, '0000-00-00 00:00:00', '0000-00-00 00:00:00'),
(186, 'Río Viejo', 'Atlantico', 1, NULL, NULL, NULL, NULL, '0000-00-00 00:00:00', '0000-00-00 00:00:00'),
(187, 'San Cristóbal', 'Atlantico', 1, NULL, NULL, NULL, NULL, '0000-00-00 00:00:00', '0000-00-00 00:00:00'),
(188, 'San Estanislao', 'Atlantico', 1, NULL, NULL, NULL, NULL, '0000-00-00 00:00:00', '0000-00-00 00:00:00'),
(189, 'San Fernando', 'Atlantico', 1, NULL, NULL, NULL, NULL, '0000-00-00 00:00:00', '0000-00-00 00:00:00'),
(190, 'San Jacinto', 'Atlantico', 1, NULL, NULL, NULL, NULL, '0000-00-00 00:00:00', '0000-00-00 00:00:00'),
(191, 'San Jacinto del Cauca', 'Atlantico', 1, NULL, NULL, NULL, NULL, '0000-00-00 00:00:00', '0000-00-00 00:00:00'),
(192, 'San Juan Nepomuceno', 'Atlantico', 1, NULL, NULL, NULL, NULL, '0000-00-00 00:00:00', '0000-00-00 00:00:00'),
(193, 'San Martín de Loba', 'Atlantico', 1, NULL, NULL, NULL, NULL, '0000-00-00 00:00:00', '0000-00-00 00:00:00'),
(194, 'San Pablo', 'Atlantico', 1, NULL, NULL, NULL, NULL, '0000-00-00 00:00:00', '0000-00-00 00:00:00'),
(195, 'Santa Catalina', 'Atlantico', 1, NULL, NULL, NULL, NULL, '0000-00-00 00:00:00', '0000-00-00 00:00:00'),
(196, 'Santa Rosa', 'Atlantico', 1, NULL, NULL, NULL, NULL, '0000-00-00 00:00:00', '0000-00-00 00:00:00'),
(197, 'Santa Rosa del Sur', 'Atlantico', 1, NULL, NULL, NULL, NULL, '0000-00-00 00:00:00', '0000-00-00 00:00:00'),
(198, 'Simití', 'Atlantico', 1, NULL, NULL, NULL, NULL, '0000-00-00 00:00:00', '0000-00-00 00:00:00'),
(199, 'Soplaviento', 'Atlantico', 1, NULL, NULL, NULL, NULL, '0000-00-00 00:00:00', '0000-00-00 00:00:00'),
(200, 'Talaigua Nuevo', 'Atlantico', 1, NULL, NULL, NULL, NULL, '0000-00-00 00:00:00', '0000-00-00 00:00:00'),
(201, 'Tiquisio (Puerto Rico)', 'Atlantico', 1, NULL, NULL, NULL, NULL, '0000-00-00 00:00:00', '0000-00-00 00:00:00'),
(202, 'Turbaco', 'Atlantico', 1, NULL, NULL, NULL, NULL, '0000-00-00 00:00:00', '0000-00-00 00:00:00'),
(203, 'Turbaná', 'Atlantico', 1, NULL, NULL, NULL, NULL, '0000-00-00 00:00:00', '0000-00-00 00:00:00'),
(204, 'Villanueva', 'Atlantico', 1, NULL, NULL, NULL, NULL, '0000-00-00 00:00:00', '0000-00-00 00:00:00'),
(205, 'Zambrano', 'Atlantico', 1, NULL, NULL, NULL, NULL, '0000-00-00 00:00:00', '0000-00-00 00:00:00'),
(206, 'Tunja', 'Boyacá', 1, NULL, NULL, NULL, NULL, '0000-00-00 00:00:00', '0000-00-00 00:00:00'),
(207, 'Almeida', 'Boyacá', 1, NULL, NULL, NULL, NULL, '0000-00-00 00:00:00', '0000-00-00 00:00:00'),
(208, 'Aquitania', 'Boyacá', 1, NULL, NULL, NULL, NULL, '0000-00-00 00:00:00', '0000-00-00 00:00:00'),
(209, 'Arcabuco', 'Boyacá', 1, NULL, NULL, NULL, NULL, '0000-00-00 00:00:00', '0000-00-00 00:00:00'),
(210, 'Belén', 'Boyacá', 1, NULL, NULL, NULL, NULL, '0000-00-00 00:00:00', '0000-00-00 00:00:00'),
(211, 'Berbeo', 'Boyacá', 1, NULL, NULL, NULL, NULL, '0000-00-00 00:00:00', '0000-00-00 00:00:00'),
(212, 'Beteitiva', 'Boyacá', 1, NULL, NULL, NULL, NULL, '0000-00-00 00:00:00', '0000-00-00 00:00:00'),
(213, 'Boavita', 'Boyacá', 1, NULL, NULL, NULL, NULL, '0000-00-00 00:00:00', '0000-00-00 00:00:00'),
(214, 'Boyacá', 'Boyacá', 1, NULL, NULL, NULL, NULL, '0000-00-00 00:00:00', '0000-00-00 00:00:00'),
(215, 'Briseño', 'Boyacá', 1, NULL, NULL, NULL, NULL, '0000-00-00 00:00:00', '0000-00-00 00:00:00'),
(216, 'Buenavista', 'Boyacá', 1, NULL, NULL, NULL, NULL, '0000-00-00 00:00:00', '0000-00-00 00:00:00'),
(217, 'Busbanzá', 'Boyacá', 1, NULL, NULL, NULL, NULL, '0000-00-00 00:00:00', '0000-00-00 00:00:00'),
(218, 'Caldas', 'Boyacá', 1, NULL, NULL, NULL, NULL, '0000-00-00 00:00:00', '0000-00-00 00:00:00'),
(219, 'Campohermoso', 'Boyacá', 1, NULL, NULL, NULL, NULL, '0000-00-00 00:00:00', '0000-00-00 00:00:00'),
(220, 'Cerinza', 'Boyacá', 1, NULL, NULL, NULL, NULL, '0000-00-00 00:00:00', '0000-00-00 00:00:00'),
(221, 'Chinavita', 'Boyacá', 1, NULL, NULL, NULL, NULL, '0000-00-00 00:00:00', '0000-00-00 00:00:00'),
(222, 'Chiquinquirá', 'Boyacá', 1, NULL, NULL, NULL, NULL, '0000-00-00 00:00:00', '0000-00-00 00:00:00'),
(223, 'Chiscas', 'Boyacá', 1, NULL, NULL, NULL, NULL, '0000-00-00 00:00:00', '0000-00-00 00:00:00'),
(224, 'Chita', 'Boyacá', 1, NULL, NULL, NULL, NULL, '0000-00-00 00:00:00', '0000-00-00 00:00:00'),
(225, 'Chitaranque', 'Boyacá', 1, NULL, NULL, NULL, NULL, '0000-00-00 00:00:00', '0000-00-00 00:00:00'),
(226, 'Chivatá', 'Boyacá', 1, NULL, NULL, NULL, NULL, '0000-00-00 00:00:00', '0000-00-00 00:00:00'),
(227, 'Ciénaga', 'Boyacá', 1, NULL, NULL, NULL, NULL, '0000-00-00 00:00:00', '0000-00-00 00:00:00'),
(228, 'Cómbita', 'Boyacá', 1, NULL, NULL, NULL, NULL, '0000-00-00 00:00:00', '0000-00-00 00:00:00'),
(229, 'Coper', 'Boyacá', 1, NULL, NULL, NULL, NULL, '0000-00-00 00:00:00', '0000-00-00 00:00:00'),
(230, 'Corrales', 'Boyacá', 1, NULL, NULL, NULL, NULL, '0000-00-00 00:00:00', '0000-00-00 00:00:00'),
(231, 'Covarachia', 'Boyacá', 1, NULL, NULL, NULL, NULL, '0000-00-00 00:00:00', '0000-00-00 00:00:00'),
(232, 'Cubar', 'Boyacá', 1, NULL, NULL, NULL, NULL, '0000-00-00 00:00:00', '0000-00-00 00:00:00'),
(233, 'Cucaita', 'Boyacá', 1, NULL, NULL, NULL, NULL, '0000-00-00 00:00:00', '0000-00-00 00:00:00'),
(234, 'Cuitiva', 'Boyacá', 1, NULL, NULL, NULL, NULL, '0000-00-00 00:00:00', '0000-00-00 00:00:00'),
(235, 'Chíquiza', 'Boyacá', 1, NULL, NULL, NULL, NULL, '0000-00-00 00:00:00', '0000-00-00 00:00:00'),
(236, 'Chivor', 'Boyacá', 1, NULL, NULL, NULL, NULL, '0000-00-00 00:00:00', '0000-00-00 00:00:00'),
(237, 'Duitama', 'Boyacá', 1, NULL, NULL, NULL, NULL, '0000-00-00 00:00:00', '0000-00-00 00:00:00'),
(238, 'El Cocuy', 'Boyacá', 1, NULL, NULL, NULL, NULL, '0000-00-00 00:00:00', '0000-00-00 00:00:00'),
(239, 'El Espino', 'Boyacá', 1, NULL, NULL, NULL, NULL, '0000-00-00 00:00:00', '0000-00-00 00:00:00'),
(240, 'Firavitoba', 'Boyacá', 1, NULL, NULL, NULL, NULL, '0000-00-00 00:00:00', '0000-00-00 00:00:00'),
(241, 'Floresta', 'Boyacá', 1, NULL, NULL, NULL, NULL, '0000-00-00 00:00:00', '0000-00-00 00:00:00'),
(242, 'Gachantivá', 'Boyacá', 1, NULL, NULL, NULL, NULL, '0000-00-00 00:00:00', '0000-00-00 00:00:00'),
(243, 'Gámeza', 'Boyacá', 1, NULL, NULL, NULL, NULL, '0000-00-00 00:00:00', '0000-00-00 00:00:00'),
(244, 'Garagoa', 'Boyacá', 1, NULL, NULL, NULL, NULL, '0000-00-00 00:00:00', '0000-00-00 00:00:00'),
(245, 'Guacamayas', 'Boyacá', 1, NULL, NULL, NULL, NULL, '0000-00-00 00:00:00', '0000-00-00 00:00:00'),
(246, 'Guateque', 'Boyacá', 1, NULL, NULL, NULL, NULL, '0000-00-00 00:00:00', '0000-00-00 00:00:00'),
(247, 'Guayatá', 'Boyacá', 1, NULL, NULL, NULL, NULL, '0000-00-00 00:00:00', '0000-00-00 00:00:00'),
(248, 'Guicán', 'Boyacá', 1, NULL, NULL, NULL, NULL, '0000-00-00 00:00:00', '0000-00-00 00:00:00'),
(249, 'Iza', 'Boyacá', 1, NULL, NULL, NULL, NULL, '0000-00-00 00:00:00', '0000-00-00 00:00:00'),
(250, 'Jenesano', 'Boyacá', 1, NULL, NULL, NULL, NULL, '0000-00-00 00:00:00', '0000-00-00 00:00:00'),
(251, 'Jericó', 'Boyacá', 1, NULL, NULL, NULL, NULL, '0000-00-00 00:00:00', '0000-00-00 00:00:00'),
(252, 'Labranzagrande', 'Boyacá', 1, NULL, NULL, NULL, NULL, '0000-00-00 00:00:00', '0000-00-00 00:00:00'),
(253, 'La Capilla', 'Boyacá', 1, NULL, NULL, NULL, NULL, '0000-00-00 00:00:00', '0000-00-00 00:00:00'),
(254, 'La Victoria', 'Boyacá', 1, NULL, NULL, NULL, NULL, '0000-00-00 00:00:00', '0000-00-00 00:00:00'),
(255, 'La Ubita', 'Boyacá', 1, NULL, NULL, NULL, NULL, '0000-00-00 00:00:00', '0000-00-00 00:00:00'),
(256, 'Villa de Leyva', 'Boyacá', 1, NULL, NULL, NULL, NULL, '0000-00-00 00:00:00', '0000-00-00 00:00:00'),
(257, 'Macanal', 'Boyacá', 1, NULL, NULL, NULL, NULL, '0000-00-00 00:00:00', '0000-00-00 00:00:00'),
(258, 'Maripí', 'Boyacá', 1, NULL, NULL, NULL, NULL, '0000-00-00 00:00:00', '0000-00-00 00:00:00'),
(259, 'Miraflores', 'Boyacá', 1, NULL, NULL, NULL, NULL, '0000-00-00 00:00:00', '0000-00-00 00:00:00'),
(260, 'Mongua', 'Boyacá', 1, NULL, NULL, NULL, NULL, '0000-00-00 00:00:00', '0000-00-00 00:00:00'),
(261, 'Monguí', 'Boyacá', 1, NULL, NULL, NULL, NULL, '0000-00-00 00:00:00', '0000-00-00 00:00:00'),
(262, 'Moniquirá', 'Boyacá', 1, NULL, NULL, NULL, NULL, '0000-00-00 00:00:00', '0000-00-00 00:00:00'),
(263, 'Motavita', 'Boyacá', 1, NULL, NULL, NULL, NULL, '0000-00-00 00:00:00', '0000-00-00 00:00:00'),
(264, 'Muzo', 'Boyacá', 1, NULL, NULL, NULL, NULL, '0000-00-00 00:00:00', '0000-00-00 00:00:00'),
(265, 'Nobsa', 'Boyacá', 1, NULL, NULL, NULL, NULL, '0000-00-00 00:00:00', '0000-00-00 00:00:00'),
(266, 'Nuevo Colón', 'Boyacá', 1, NULL, NULL, NULL, NULL, '0000-00-00 00:00:00', '0000-00-00 00:00:00'),
(267, 'Oicatá', 'Boyacá', 1, NULL, NULL, NULL, NULL, '0000-00-00 00:00:00', '0000-00-00 00:00:00'),
(268, 'Otanche', 'Boyacá', 1, NULL, NULL, NULL, NULL, '0000-00-00 00:00:00', '0000-00-00 00:00:00'),
(269, 'Pachavita', 'Boyacá', 1, NULL, NULL, NULL, NULL, '0000-00-00 00:00:00', '0000-00-00 00:00:00'),
(270, 'Páez', 'Boyacá', 1, NULL, NULL, NULL, NULL, '0000-00-00 00:00:00', '0000-00-00 00:00:00'),
(271, 'Paipa', 'Boyacá', 1, NULL, NULL, NULL, NULL, '0000-00-00 00:00:00', '0000-00-00 00:00:00'),
(272, 'Pajarito', 'Boyacá', 1, NULL, NULL, NULL, NULL, '0000-00-00 00:00:00', '0000-00-00 00:00:00'),
(273, 'Panqueba', 'Boyacá', 1, NULL, NULL, NULL, NULL, '0000-00-00 00:00:00', '0000-00-00 00:00:00'),
(274, 'Pauna', 'Boyacá', 1, NULL, NULL, NULL, NULL, '0000-00-00 00:00:00', '0000-00-00 00:00:00'),
(275, 'Paya', 'Boyacá', 1, NULL, NULL, NULL, NULL, '0000-00-00 00:00:00', '0000-00-00 00:00:00'),
(276, 'Paz de Río', 'Boyacá', 1, NULL, NULL, NULL, NULL, '0000-00-00 00:00:00', '0000-00-00 00:00:00'),
(277, 'Pesca', 'Boyacá', 1, NULL, NULL, NULL, NULL, '0000-00-00 00:00:00', '0000-00-00 00:00:00'),
(278, 'Pisva', 'Boyacá', 1, NULL, NULL, NULL, NULL, '0000-00-00 00:00:00', '0000-00-00 00:00:00'),
(279, 'Puerto Boyacá', 'Boyacá', 1, NULL, NULL, NULL, NULL, '0000-00-00 00:00:00', '0000-00-00 00:00:00'),
(280, 'Quípama', 'Boyacá', 1, NULL, NULL, NULL, NULL, '0000-00-00 00:00:00', '0000-00-00 00:00:00'),
(281, 'Ramiquirí', 'Boyacá', 1, NULL, NULL, NULL, NULL, '0000-00-00 00:00:00', '0000-00-00 00:00:00'),
(282, 'Ráquira', 'Boyacá', 1, NULL, NULL, NULL, NULL, '0000-00-00 00:00:00', '0000-00-00 00:00:00'),
(283, 'Rondón', 'Boyacá', 1, NULL, NULL, NULL, NULL, '0000-00-00 00:00:00', '0000-00-00 00:00:00'),
(284, 'Saboyá', 'Boyacá', 1, NULL, NULL, NULL, NULL, '0000-00-00 00:00:00', '0000-00-00 00:00:00'),
(285, 'Sáchica', 'Boyacá', 1, NULL, NULL, NULL, NULL, '0000-00-00 00:00:00', '0000-00-00 00:00:00'),
(286, 'Samacá', 'Boyacá', 1, NULL, NULL, NULL, NULL, '0000-00-00 00:00:00', '0000-00-00 00:00:00'),
(287, 'San Eduardo', 'Boyacá', 1, NULL, NULL, NULL, NULL, '0000-00-00 00:00:00', '0000-00-00 00:00:00'),
(288, 'San José de Pare', 'Boyacá', 1, NULL, NULL, NULL, NULL, '0000-00-00 00:00:00', '0000-00-00 00:00:00'),
(289, 'San Luis de Gaceno', 'Boyacá', 1, NULL, NULL, NULL, NULL, '0000-00-00 00:00:00', '0000-00-00 00:00:00'),
(290, 'San Mateo', 'Boyacá', 1, NULL, NULL, NULL, NULL, '0000-00-00 00:00:00', '0000-00-00 00:00:00'),
(291, 'San Miguel de Sema', 'Boyacá', 1, NULL, NULL, NULL, NULL, '0000-00-00 00:00:00', '0000-00-00 00:00:00'),
(292, 'San Pablo de Borbur', 'Boyacá', 1, NULL, NULL, NULL, NULL, '0000-00-00 00:00:00', '0000-00-00 00:00:00'),
(293, 'Santana', 'Boyacá', 1, NULL, NULL, NULL, NULL, '0000-00-00 00:00:00', '0000-00-00 00:00:00'),
(294, 'Santa María', 'Boyacá', 1, NULL, NULL, NULL, NULL, '0000-00-00 00:00:00', '0000-00-00 00:00:00'),
(295, 'Santa Rosa de Viterbo', 'Boyacá', 1, NULL, NULL, NULL, NULL, '0000-00-00 00:00:00', '0000-00-00 00:00:00'),
(296, 'Santa Sofía', 'Boyacá', 1, NULL, NULL, NULL, NULL, '0000-00-00 00:00:00', '0000-00-00 00:00:00'),
(297, 'Sativanorte', 'Boyacá', 1, NULL, NULL, NULL, NULL, '0000-00-00 00:00:00', '0000-00-00 00:00:00'),
(298, 'Sativasur', 'Boyacá', 1, NULL, NULL, NULL, NULL, '0000-00-00 00:00:00', '0000-00-00 00:00:00'),
(299, 'Siachoque', 'Boyacá', 1, NULL, NULL, NULL, NULL, '0000-00-00 00:00:00', '0000-00-00 00:00:00'),
(300, 'Soatá', 'Boyacá', 1, NULL, NULL, NULL, NULL, '0000-00-00 00:00:00', '0000-00-00 00:00:00'),
(301, 'Socotá', 'Boyacá', 1, NULL, NULL, NULL, NULL, '0000-00-00 00:00:00', '0000-00-00 00:00:00'),
(302, 'Socha', 'Boyacá', 1, NULL, NULL, NULL, NULL, '0000-00-00 00:00:00', '0000-00-00 00:00:00'),
(303, 'Sogamoso', 'Boyacá', 1, NULL, NULL, NULL, NULL, '0000-00-00 00:00:00', '0000-00-00 00:00:00'),
(304, 'Somondoco', 'Boyacá', 1, NULL, NULL, NULL, NULL, '0000-00-00 00:00:00', '0000-00-00 00:00:00'),
(305, 'Sora', 'Boyacá', 1, NULL, NULL, NULL, NULL, '0000-00-00 00:00:00', '0000-00-00 00:00:00'),
(306, 'Sotaquirá', 'Boyacá', 1, NULL, NULL, NULL, NULL, '0000-00-00 00:00:00', '0000-00-00 00:00:00'),
(307, 'Soracá', 'Boyacá', 1, NULL, NULL, NULL, NULL, '0000-00-00 00:00:00', '0000-00-00 00:00:00'),
(308, 'Susacón', 'Boyacá', 1, NULL, NULL, NULL, NULL, '0000-00-00 00:00:00', '0000-00-00 00:00:00'),
(309, 'Sutamarchán', 'Boyacá', 1, NULL, NULL, NULL, NULL, '0000-00-00 00:00:00', '0000-00-00 00:00:00'),
(310, 'Sutatenza', 'Boyacá', 1, NULL, NULL, NULL, NULL, '0000-00-00 00:00:00', '0000-00-00 00:00:00'),
(311, 'Tasco', 'Boyacá', 1, NULL, NULL, NULL, NULL, '0000-00-00 00:00:00', '0000-00-00 00:00:00'),
(312, 'Tenza', 'Boyacá', 1, NULL, NULL, NULL, NULL, '0000-00-00 00:00:00', '0000-00-00 00:00:00'),
(313, 'Tibaná', 'Boyacá', 1, NULL, NULL, NULL, NULL, '0000-00-00 00:00:00', '0000-00-00 00:00:00'),
(314, 'Tibasosa', 'Boyacá', 1, NULL, NULL, NULL, NULL, '0000-00-00 00:00:00', '0000-00-00 00:00:00'),
(315, 'Tinjacá', 'Boyacá', 1, NULL, NULL, NULL, NULL, '0000-00-00 00:00:00', '0000-00-00 00:00:00'),
(316, 'Tipacoque', 'Boyacá', 1, NULL, NULL, NULL, NULL, '0000-00-00 00:00:00', '0000-00-00 00:00:00'),
(317, 'Toca', 'Boyacá', 1, NULL, NULL, NULL, NULL, '0000-00-00 00:00:00', '0000-00-00 00:00:00'),
(318, 'Toguí', 'Boyacá', 1, NULL, NULL, NULL, NULL, '0000-00-00 00:00:00', '0000-00-00 00:00:00'),
(319, 'Tópaga', 'Boyacá', 1, NULL, NULL, NULL, NULL, '0000-00-00 00:00:00', '0000-00-00 00:00:00'),
(320, 'Tota', 'Boyacá', 1, NULL, NULL, NULL, NULL, '0000-00-00 00:00:00', '0000-00-00 00:00:00'),
(321, 'Tunungua', 'Boyacá', 1, NULL, NULL, NULL, NULL, '0000-00-00 00:00:00', '0000-00-00 00:00:00'),
(322, 'Turmequé', 'Boyacá', 1, NULL, NULL, NULL, NULL, '0000-00-00 00:00:00', '0000-00-00 00:00:00'),
(323, 'Tuta', 'Boyacá', 1, NULL, NULL, NULL, NULL, '0000-00-00 00:00:00', '0000-00-00 00:00:00'),
(324, 'Tutazá', 'Boyacá', 1, NULL, NULL, NULL, NULL, '0000-00-00 00:00:00', '0000-00-00 00:00:00'),
(325, 'Úmbita', 'Boyacá', 1, NULL, NULL, NULL, NULL, '0000-00-00 00:00:00', '0000-00-00 00:00:00'),
(326, 'Ventaquemada', 'Boyacá', 1, NULL, NULL, NULL, NULL, '0000-00-00 00:00:00', '0000-00-00 00:00:00'),
(327, 'Viracachá', 'Boyacá', 1, NULL, NULL, NULL, NULL, '0000-00-00 00:00:00', '0000-00-00 00:00:00'),
(328, 'Zetaquirá', 'Boyacá', 1, NULL, NULL, NULL, NULL, '0000-00-00 00:00:00', '0000-00-00 00:00:00'),
(329, 'Manizales', 'Caldas', 1, NULL, NULL, NULL, NULL, '0000-00-00 00:00:00', '0000-00-00 00:00:00'),
(330, 'Aguadas', 'Caldas', 1, NULL, NULL, NULL, NULL, '0000-00-00 00:00:00', '0000-00-00 00:00:00'),
(331, 'Anserma', 'Caldas', 1, NULL, NULL, NULL, NULL, '0000-00-00 00:00:00', '0000-00-00 00:00:00'),
(332, 'Aranzazu', 'Caldas', 1, NULL, NULL, NULL, NULL, '0000-00-00 00:00:00', '0000-00-00 00:00:00'),
(333, 'Belalcázar', 'Caldas', 1, NULL, NULL, NULL, NULL, '0000-00-00 00:00:00', '0000-00-00 00:00:00'),
(334, 'Chinchina', 'Caldas', 1, NULL, NULL, NULL, NULL, '0000-00-00 00:00:00', '0000-00-00 00:00:00'),
(335, 'Filadelfia', 'Caldas', 1, NULL, NULL, NULL, NULL, '0000-00-00 00:00:00', '0000-00-00 00:00:00'),
(336, 'La Dorada', 'Caldas', 1, NULL, NULL, NULL, NULL, '0000-00-00 00:00:00', '0000-00-00 00:00:00'),
(337, 'La Merced', 'Caldas', 1, NULL, NULL, NULL, NULL, '0000-00-00 00:00:00', '0000-00-00 00:00:00'),
(338, 'Manzanares', 'Caldas', 1, NULL, NULL, NULL, NULL, '0000-00-00 00:00:00', '0000-00-00 00:00:00'),
(339, 'Marmato', 'Caldas', 1, NULL, NULL, NULL, NULL, '0000-00-00 00:00:00', '0000-00-00 00:00:00'),
(340, 'Marquetalia', 'Caldas', 1, NULL, NULL, NULL, NULL, '0000-00-00 00:00:00', '0000-00-00 00:00:00'),
(341, 'Marulanda', 'Caldas', 1, NULL, NULL, NULL, NULL, '0000-00-00 00:00:00', '0000-00-00 00:00:00'),
(342, 'Neira', 'Caldas', 1, NULL, NULL, NULL, NULL, '0000-00-00 00:00:00', '0000-00-00 00:00:00'),
(343, 'Pácora', 'Caldas', 1, NULL, NULL, NULL, NULL, '0000-00-00 00:00:00', '0000-00-00 00:00:00'),
(344, 'Palestina', 'Caldas', 1, NULL, NULL, NULL, NULL, '0000-00-00 00:00:00', '0000-00-00 00:00:00'),
(345, 'Pensilvania', 'Caldas', 1, NULL, NULL, NULL, NULL, '0000-00-00 00:00:00', '0000-00-00 00:00:00'),
(346, 'Riosucio', 'Caldas', 1, NULL, NULL, NULL, NULL, '0000-00-00 00:00:00', '0000-00-00 00:00:00'),
(347, 'Risaralda', 'Caldas', 1, NULL, NULL, NULL, NULL, '0000-00-00 00:00:00', '0000-00-00 00:00:00'),
(348, 'Salamina', 'Caldas', 1, NULL, NULL, NULL, NULL, '0000-00-00 00:00:00', '0000-00-00 00:00:00'),
(349, 'Samaná', 'Caldas', 1, NULL, NULL, NULL, NULL, '0000-00-00 00:00:00', '0000-00-00 00:00:00'),
(350, 'San José', 'Caldas', 1, NULL, NULL, NULL, NULL, '0000-00-00 00:00:00', '0000-00-00 00:00:00'),
(351, 'Supía', 'Caldas', 1, NULL, NULL, NULL, NULL, '0000-00-00 00:00:00', '0000-00-00 00:00:00'),
(352, 'Victoria', 'Caldas', 1, NULL, NULL, NULL, NULL, '0000-00-00 00:00:00', '0000-00-00 00:00:00'),
(353, 'Villamaría', 'Caldas', 1, NULL, NULL, NULL, NULL, '0000-00-00 00:00:00', '0000-00-00 00:00:00'),
(354, 'Viterbo', 'Caldas', 1, NULL, NULL, NULL, NULL, '0000-00-00 00:00:00', '0000-00-00 00:00:00'),
(355, 'Florencia', 'Caquetá', 1, NULL, NULL, NULL, NULL, '0000-00-00 00:00:00', '0000-00-00 00:00:00'),
(356, 'Albania', 'Caquetá', 1, NULL, NULL, NULL, NULL, '0000-00-00 00:00:00', '0000-00-00 00:00:00'),
(357, 'Belén de los Andaquíes', 'Caquetá', 1, NULL, NULL, NULL, NULL, '0000-00-00 00:00:00', '0000-00-00 00:00:00'),
(358, 'Cartagena del Chairá', 'Caquetá', 1, NULL, NULL, NULL, NULL, '0000-00-00 00:00:00', '0000-00-00 00:00:00'),
(359, 'Curillo', 'Caquetá', 1, NULL, NULL, NULL, NULL, '0000-00-00 00:00:00', '0000-00-00 00:00:00'),
(360, 'El Doncello', 'Caquetá', 1, NULL, NULL, NULL, NULL, '0000-00-00 00:00:00', '0000-00-00 00:00:00'),
(361, 'El Paujil', 'Caquetá', 1, NULL, NULL, NULL, NULL, '0000-00-00 00:00:00', '0000-00-00 00:00:00'),
(362, 'La Montañita', 'Caquetá', 1, NULL, NULL, NULL, NULL, '0000-00-00 00:00:00', '0000-00-00 00:00:00'),
(363, 'Milán', 'Caquetá', 1, NULL, NULL, NULL, NULL, '0000-00-00 00:00:00', '0000-00-00 00:00:00'),
(364, 'Morelia', 'Caquetá', 1, NULL, NULL, NULL, NULL, '0000-00-00 00:00:00', '0000-00-00 00:00:00'),
(365, 'Puerto Rico', 'Caquetá', 1, NULL, NULL, NULL, NULL, '0000-00-00 00:00:00', '0000-00-00 00:00:00'),
(366, 'San José del Fragua', 'Caquetá', 1, NULL, NULL, NULL, NULL, '0000-00-00 00:00:00', '0000-00-00 00:00:00'),
(367, 'San Vicente del Caguán', 'Caquetá', 1, NULL, NULL, NULL, NULL, '0000-00-00 00:00:00', '0000-00-00 00:00:00'),
(368, 'Solano', 'Caquetá', 1, NULL, NULL, NULL, NULL, '0000-00-00 00:00:00', '0000-00-00 00:00:00'),
(369, 'Solita', 'Caquetá', 1, NULL, NULL, NULL, NULL, '0000-00-00 00:00:00', '0000-00-00 00:00:00'),
(370, 'Valparaíso', 'Caquetá', 1, NULL, NULL, NULL, NULL, '0000-00-00 00:00:00', '0000-00-00 00:00:00'),
(371, 'Yopal', 'Casanare', 1, NULL, NULL, NULL, NULL, '0000-00-00 00:00:00', '0000-00-00 00:00:00'),
(372, 'Aguazul', 'Casanare', 1, NULL, NULL, NULL, NULL, '0000-00-00 00:00:00', '0000-00-00 00:00:00'),
(373, 'Chameza', 'Casanare', 1, NULL, NULL, NULL, NULL, '0000-00-00 00:00:00', '0000-00-00 00:00:00'),
(374, 'Hato Corozal', 'Casanare', 1, NULL, NULL, NULL, NULL, '0000-00-00 00:00:00', '0000-00-00 00:00:00'),
(375, 'La Salina', 'Casanare', 1, NULL, NULL, NULL, NULL, '0000-00-00 00:00:00', '0000-00-00 00:00:00'),
(376, 'Maní', 'Casanare', 1, NULL, NULL, NULL, NULL, '0000-00-00 00:00:00', '0000-00-00 00:00:00'),
(377, 'Monterrey', 'Casanare', 1, NULL, NULL, NULL, NULL, '0000-00-00 00:00:00', '0000-00-00 00:00:00'),
(378, 'Nunchía', 'Casanare', 1, NULL, NULL, NULL, NULL, '0000-00-00 00:00:00', '0000-00-00 00:00:00'),
(379, 'Orocué', 'Casanare', 1, NULL, NULL, NULL, NULL, '0000-00-00 00:00:00', '0000-00-00 00:00:00'),
(380, 'Paz de Ariporo', 'Casanare', 1, NULL, NULL, NULL, NULL, '0000-00-00 00:00:00', '0000-00-00 00:00:00'),
(381, 'Pore', 'Casanare', 1, NULL, NULL, NULL, NULL, '0000-00-00 00:00:00', '0000-00-00 00:00:00'),
(382, 'Recetor', 'Casanare', 1, NULL, NULL, NULL, NULL, '0000-00-00 00:00:00', '0000-00-00 00:00:00'),
(383, 'Sabalarga', 'Casanare', 1, NULL, NULL, NULL, NULL, '0000-00-00 00:00:00', '0000-00-00 00:00:00'),
(384, 'Sácama', 'Casanare', 1, NULL, NULL, NULL, NULL, '0000-00-00 00:00:00', '0000-00-00 00:00:00'),
(385, 'San Luis de Palenque', 'Casanare', 1, NULL, NULL, NULL, NULL, '0000-00-00 00:00:00', '0000-00-00 00:00:00'),
(386, 'Támara', 'Casanare', 1, NULL, NULL, NULL, NULL, '0000-00-00 00:00:00', '0000-00-00 00:00:00'),
(387, 'Tauramena', 'Casanare', 1, NULL, NULL, NULL, NULL, '0000-00-00 00:00:00', '0000-00-00 00:00:00'),
(388, 'Trinidad', 'Casanare', 1, NULL, NULL, NULL, NULL, '0000-00-00 00:00:00', '0000-00-00 00:00:00'),
(389, 'Villanueva', 'Casanare', 1, NULL, NULL, NULL, NULL, '0000-00-00 00:00:00', '0000-00-00 00:00:00'),
(390, 'Popayán', 'Cauca', 1, NULL, NULL, NULL, NULL, '0000-00-00 00:00:00', '0000-00-00 00:00:00'),
(391, 'Almaguer', 'Cauca', 1, NULL, NULL, NULL, NULL, '0000-00-00 00:00:00', '0000-00-00 00:00:00'),
(392, 'Argelia', 'Cauca', 1, NULL, NULL, NULL, NULL, '0000-00-00 00:00:00', '0000-00-00 00:00:00'),
(393, 'Balboa', 'Cauca', 1, NULL, NULL, NULL, NULL, '0000-00-00 00:00:00', '0000-00-00 00:00:00'),
(394, 'Bolívar', 'Cauca', 1, NULL, NULL, NULL, NULL, '0000-00-00 00:00:00', '0000-00-00 00:00:00'),
(395, 'Buenos Aires', 'Cauca', 1, NULL, NULL, NULL, NULL, '0000-00-00 00:00:00', '0000-00-00 00:00:00'),
(396, 'Cajibío', 'Cauca', 1, NULL, NULL, NULL, NULL, '0000-00-00 00:00:00', '0000-00-00 00:00:00'),
(397, 'Caldono', 'Cauca', 1, NULL, NULL, NULL, NULL, '0000-00-00 00:00:00', '0000-00-00 00:00:00'),
(398, 'Caloto', 'Cauca', 1, NULL, NULL, NULL, NULL, '0000-00-00 00:00:00', '0000-00-00 00:00:00'),
(399, 'Corinto', 'Cauca', 1, NULL, NULL, NULL, NULL, '0000-00-00 00:00:00', '0000-00-00 00:00:00'),
(400, 'El Tambo', 'Cauca', 1, NULL, NULL, NULL, NULL, '0000-00-00 00:00:00', '0000-00-00 00:00:00'),
(401, 'Florencia', 'Cauca', 1, NULL, NULL, NULL, NULL, '0000-00-00 00:00:00', '0000-00-00 00:00:00'),
(402, 'Guapi', 'Cauca', 1, NULL, NULL, NULL, NULL, '0000-00-00 00:00:00', '0000-00-00 00:00:00'),
(403, 'Inzá', 'Cauca', 1, NULL, NULL, NULL, NULL, '0000-00-00 00:00:00', '0000-00-00 00:00:00'),
(404, 'Jambaló', 'Cauca', 1, NULL, NULL, NULL, NULL, '0000-00-00 00:00:00', '0000-00-00 00:00:00'),
(405, 'La Sierra', 'Cauca', 1, NULL, NULL, NULL, NULL, '0000-00-00 00:00:00', '0000-00-00 00:00:00'),
(406, 'La Vega', 'Cauca', 1, NULL, NULL, NULL, NULL, '0000-00-00 00:00:00', '0000-00-00 00:00:00'),
(407, 'López (Micay)', 'Cauca', 1, NULL, NULL, NULL, NULL, '0000-00-00 00:00:00', '0000-00-00 00:00:00'),
(408, 'Mercaderes', 'Cauca', 1, NULL, NULL, NULL, NULL, '0000-00-00 00:00:00', '0000-00-00 00:00:00'),
(409, 'Miranda', 'Cauca', 1, NULL, NULL, NULL, NULL, '0000-00-00 00:00:00', '0000-00-00 00:00:00'),
(410, 'Morales', 'Cauca', 1, NULL, NULL, NULL, NULL, '0000-00-00 00:00:00', '0000-00-00 00:00:00'),
(411, 'Padilla', 'Cauca', 1, NULL, NULL, NULL, NULL, '0000-00-00 00:00:00', '0000-00-00 00:00:00'),
(412, 'Páez (Belalcazar)', 'Cauca', 1, NULL, NULL, NULL, NULL, '0000-00-00 00:00:00', '0000-00-00 00:00:00'),
(413, 'Patía (El Bordo)', 'Cauca', 1, NULL, NULL, NULL, NULL, '0000-00-00 00:00:00', '0000-00-00 00:00:00'),
(414, 'Piamonte', 'Cauca', 1, NULL, NULL, NULL, NULL, '0000-00-00 00:00:00', '0000-00-00 00:00:00'),
(415, 'Piendamó', 'Cauca', 1, NULL, NULL, NULL, NULL, '0000-00-00 00:00:00', '0000-00-00 00:00:00'),
(416, 'Puerto Tejada', 'Cauca', 1, NULL, NULL, NULL, NULL, '0000-00-00 00:00:00', '0000-00-00 00:00:00'),
(417, 'Puracé (Coconuco)', 'Cauca', 1, NULL, NULL, NULL, NULL, '0000-00-00 00:00:00', '0000-00-00 00:00:00'),
(418, 'Rosas', 'Cauca', 1, NULL, NULL, NULL, NULL, '0000-00-00 00:00:00', '0000-00-00 00:00:00'),
(419, 'San Sebastián', 'Cauca', 1, NULL, NULL, NULL, NULL, '0000-00-00 00:00:00', '0000-00-00 00:00:00'),
(420, 'Santander de Quilichao', 'Cauca', 1, NULL, NULL, NULL, NULL, '0000-00-00 00:00:00', '0000-00-00 00:00:00'),
(421, 'Santa Rosa', 'Cauca', 1, NULL, NULL, NULL, NULL, '0000-00-00 00:00:00', '0000-00-00 00:00:00'),
(422, 'Silvia', 'Cauca', 1, NULL, NULL, NULL, NULL, '0000-00-00 00:00:00', '0000-00-00 00:00:00'),
(423, 'Sotará (Paispamba)', 'Cauca', 1, NULL, NULL, NULL, NULL, '0000-00-00 00:00:00', '0000-00-00 00:00:00'),
(424, 'Suárez', 'Cauca', 1, NULL, NULL, NULL, NULL, '0000-00-00 00:00:00', '0000-00-00 00:00:00'),
(425, 'Timbío', 'Cauca', 1, NULL, NULL, NULL, NULL, '0000-00-00 00:00:00', '0000-00-00 00:00:00'),
(426, 'Timbiquí', 'Cauca', 1, NULL, NULL, NULL, NULL, '0000-00-00 00:00:00', '0000-00-00 00:00:00'),
(427, 'Toribío', 'Cauca', 1, NULL, NULL, NULL, NULL, '0000-00-00 00:00:00', '0000-00-00 00:00:00'),
(428, 'Totoro', 'Cauca', 1, NULL, NULL, NULL, NULL, '0000-00-00 00:00:00', '0000-00-00 00:00:00'),
(429, 'Valledupar', 'Cesar', 1, NULL, NULL, NULL, NULL, '0000-00-00 00:00:00', '0000-00-00 00:00:00'),
(430, 'Aguachica', 'Cesar', 1, NULL, NULL, NULL, NULL, '0000-00-00 00:00:00', '0000-00-00 00:00:00'),
(431, 'Agustín Codazzi', 'Cesar', 1, NULL, NULL, NULL, NULL, '0000-00-00 00:00:00', '0000-00-00 00:00:00'),
(432, 'Astrea', 'Cesar', 1, NULL, NULL, NULL, NULL, '0000-00-00 00:00:00', '0000-00-00 00:00:00'),
(433, 'Becerril', 'Cesar', 1, NULL, NULL, NULL, NULL, '0000-00-00 00:00:00', '0000-00-00 00:00:00'),
(434, 'Bosconia', 'Cesar', 1, NULL, NULL, NULL, NULL, '0000-00-00 00:00:00', '0000-00-00 00:00:00'),
(435, 'Chimichagua', 'Cesar', 1, NULL, NULL, NULL, NULL, '0000-00-00 00:00:00', '0000-00-00 00:00:00'),
(436, 'Chiriguaná', 'Cesar', 1, NULL, NULL, NULL, NULL, '0000-00-00 00:00:00', '0000-00-00 00:00:00'),
(437, 'Curumaní', 'Cesar', 1, NULL, NULL, NULL, NULL, '0000-00-00 00:00:00', '0000-00-00 00:00:00'),
(438, 'El Copey', 'Cesar', 1, NULL, NULL, NULL, NULL, '0000-00-00 00:00:00', '0000-00-00 00:00:00'),
(439, 'El Paso', 'Cesar', 1, NULL, NULL, NULL, NULL, '0000-00-00 00:00:00', '0000-00-00 00:00:00'),
(440, 'Gamarra', 'Cesar', 1, NULL, NULL, NULL, NULL, '0000-00-00 00:00:00', '0000-00-00 00:00:00'),
(441, 'González', 'Cesar', 1, NULL, NULL, NULL, NULL, '0000-00-00 00:00:00', '0000-00-00 00:00:00'),
(442, 'La Gloria', 'Cesar', 1, NULL, NULL, NULL, NULL, '0000-00-00 00:00:00', '0000-00-00 00:00:00'),
(443, 'La Jagua de Ibirico', 'Cesar', 1, NULL, NULL, NULL, NULL, '0000-00-00 00:00:00', '0000-00-00 00:00:00'),
(444, 'Manaure Balcón Cesar', 'Cesar', 1, NULL, NULL, NULL, NULL, '0000-00-00 00:00:00', '0000-00-00 00:00:00'),
(445, 'Pailitas', 'Cesar', 1, NULL, NULL, NULL, NULL, '0000-00-00 00:00:00', '0000-00-00 00:00:00'),
(446, 'Pelaya', 'Cesar', 1, NULL, NULL, NULL, NULL, '0000-00-00 00:00:00', '0000-00-00 00:00:00'),
(447, 'Pueblo Bello', 'Cesar', 1, NULL, NULL, NULL, NULL, '0000-00-00 00:00:00', '0000-00-00 00:00:00'),
(448, 'Río de Oro', 'Cesar', 1, NULL, NULL, NULL, NULL, '0000-00-00 00:00:00', '0000-00-00 00:00:00'),
(449, 'La Paz (Robles)', 'Cesar', 1, NULL, NULL, NULL, NULL, '0000-00-00 00:00:00', '0000-00-00 00:00:00'),
(450, 'San Alberto', 'Cesar', 1, NULL, NULL, NULL, NULL, '0000-00-00 00:00:00', '0000-00-00 00:00:00'),
(451, 'San Diego', 'Cesar', 1, NULL, NULL, NULL, NULL, '0000-00-00 00:00:00', '0000-00-00 00:00:00'),
(452, 'San Martín', 'Cesar', 1, NULL, NULL, NULL, NULL, '0000-00-00 00:00:00', '0000-00-00 00:00:00'),
(453, 'Tamalameque', 'Cesar', 1, NULL, NULL, NULL, NULL, '0000-00-00 00:00:00', '0000-00-00 00:00:00'),
(454, 'Montería', 'Córdoba', 1, NULL, NULL, NULL, NULL, '0000-00-00 00:00:00', '0000-00-00 00:00:00'),
(455, 'Ayapel', 'Córdoba', 1, NULL, NULL, NULL, NULL, '0000-00-00 00:00:00', '0000-00-00 00:00:00'),
(456, 'Buenavista', 'Córdoba', 1, NULL, NULL, NULL, NULL, '0000-00-00 00:00:00', '0000-00-00 00:00:00'),
(457, 'Canalete', 'Córdoba', 1, NULL, NULL, NULL, NULL, '0000-00-00 00:00:00', '0000-00-00 00:00:00'),
(458, 'Cereté', 'Córdoba', 1, NULL, NULL, NULL, NULL, '0000-00-00 00:00:00', '0000-00-00 00:00:00'),
(459, 'Chima', 'Córdoba', 1, NULL, NULL, NULL, NULL, '0000-00-00 00:00:00', '0000-00-00 00:00:00'),
(460, 'Chinú', 'Córdoba', 1, NULL, NULL, NULL, NULL, '0000-00-00 00:00:00', '0000-00-00 00:00:00'),
(461, 'Ciénaga de Oro', 'Córdoba', 1, NULL, NULL, NULL, NULL, '0000-00-00 00:00:00', '0000-00-00 00:00:00'),
(462, 'Cotorra', 'Córdoba', 1, NULL, NULL, NULL, NULL, '0000-00-00 00:00:00', '0000-00-00 00:00:00'),
(463, 'La Apartada (Frontera)', 'Córdoba', 1, NULL, NULL, NULL, NULL, '0000-00-00 00:00:00', '0000-00-00 00:00:00'),
(464, 'Lorica', 'Córdoba', 1, NULL, NULL, NULL, NULL, '0000-00-00 00:00:00', '0000-00-00 00:00:00'),
(465, 'Los Córdobas', 'Córdoba', 1, NULL, NULL, NULL, NULL, '0000-00-00 00:00:00', '0000-00-00 00:00:00'),
(466, 'Momil', 'Córdoba', 1, NULL, NULL, NULL, NULL, '0000-00-00 00:00:00', '0000-00-00 00:00:00'),
(467, 'Montelíbano', 'Córdoba', 1, NULL, NULL, NULL, NULL, '0000-00-00 00:00:00', '0000-00-00 00:00:00'),
(468, 'Monitos', 'Córdoba', 1, NULL, NULL, NULL, NULL, '0000-00-00 00:00:00', '0000-00-00 00:00:00'),
(469, 'Planeta Rica', 'Córdoba', 1, NULL, NULL, NULL, NULL, '0000-00-00 00:00:00', '0000-00-00 00:00:00'),
(470, 'Pueblo Nuevo', 'Córdoba', 1, NULL, NULL, NULL, NULL, '0000-00-00 00:00:00', '0000-00-00 00:00:00'),
(471, 'Puerto Escondido', 'Córdoba', 1, NULL, NULL, NULL, NULL, '0000-00-00 00:00:00', '0000-00-00 00:00:00'),
(472, 'Puerto Libertador', 'Córdoba', 1, NULL, NULL, NULL, NULL, '0000-00-00 00:00:00', '0000-00-00 00:00:00'),
(473, 'Purísima', 'Córdoba', 1, NULL, NULL, NULL, NULL, '0000-00-00 00:00:00', '0000-00-00 00:00:00'),
(474, 'Sahagún', 'Córdoba', 1, NULL, NULL, NULL, NULL, '0000-00-00 00:00:00', '0000-00-00 00:00:00'),
(475, 'San Andrés Sotavento', 'Córdoba', 1, NULL, NULL, NULL, NULL, '0000-00-00 00:00:00', '0000-00-00 00:00:00'),
(476, 'San Antero', 'Córdoba', 1, NULL, NULL, NULL, NULL, '0000-00-00 00:00:00', '0000-00-00 00:00:00'),
(477, 'San Bernardo del Viento', 'Córdoba', 1, NULL, NULL, NULL, NULL, '0000-00-00 00:00:00', '0000-00-00 00:00:00'),
(478, 'San Carlos', 'Córdoba', 1, NULL, NULL, NULL, NULL, '0000-00-00 00:00:00', '0000-00-00 00:00:00'),
(479, 'San Pelayo', 'Córdoba', 1, NULL, NULL, NULL, NULL, '0000-00-00 00:00:00', '0000-00-00 00:00:00'),
(480, 'Tierralta', 'Córdoba', 1, NULL, NULL, NULL, NULL, '0000-00-00 00:00:00', '0000-00-00 00:00:00'),
(481, 'Valencia', 'Córdoba', 1, NULL, NULL, NULL, NULL, '0000-00-00 00:00:00', '0000-00-00 00:00:00'),
(482, 'Agua de Dios', 'Cundinamarca', 1, NULL, NULL, NULL, NULL, '0000-00-00 00:00:00', '0000-00-00 00:00:00'),
(483, 'Albán', 'Cundinamarca', 1, NULL, NULL, NULL, NULL, '0000-00-00 00:00:00', '0000-00-00 00:00:00'),
(484, 'Anapoima', 'Cundinamarca', 1, NULL, NULL, NULL, NULL, '0000-00-00 00:00:00', '0000-00-00 00:00:00'),
(485, 'Anolaima', 'Cundinamarca', 1, NULL, NULL, NULL, NULL, '0000-00-00 00:00:00', '0000-00-00 00:00:00'),
(486, 'Arbeláez', 'Cundinamarca', 1, NULL, NULL, NULL, NULL, '0000-00-00 00:00:00', '0000-00-00 00:00:00'),
(487, 'Beltrán', 'Cundinamarca', 1, NULL, NULL, NULL, NULL, '0000-00-00 00:00:00', '0000-00-00 00:00:00'),
(488, 'Bituima', 'Cundinamarca', 1, NULL, NULL, NULL, NULL, '0000-00-00 00:00:00', '0000-00-00 00:00:00');
INSERT INTO `ciudades` (`id`, `ciudad`, `departamento`, `pais_id`, `created_by`, `updated_by`, `deleted_by`, `deleted_at`, `created_at`, `updated_at`) VALUES
(489, 'Bojacá', 'Cundinamarca', 1, NULL, NULL, NULL, NULL, '0000-00-00 00:00:00', '0000-00-00 00:00:00'),
(490, 'Cabrera', 'Cundinamarca', 1, NULL, NULL, NULL, NULL, '0000-00-00 00:00:00', '0000-00-00 00:00:00'),
(491, 'Cachipay', 'Cundinamarca', 1, NULL, NULL, NULL, NULL, '0000-00-00 00:00:00', '0000-00-00 00:00:00'),
(492, 'Cajicá', 'Cundinamarca', 1, NULL, NULL, NULL, NULL, '0000-00-00 00:00:00', '0000-00-00 00:00:00'),
(493, 'Caparrapí', 'Cundinamarca', 1, NULL, NULL, NULL, NULL, '0000-00-00 00:00:00', '0000-00-00 00:00:00'),
(494, 'Cáqueza', 'Cundinamarca', 1, NULL, NULL, NULL, NULL, '0000-00-00 00:00:00', '0000-00-00 00:00:00'),
(495, 'Carmen de Carupa', 'Cundinamarca', 1, NULL, NULL, NULL, NULL, '0000-00-00 00:00:00', '0000-00-00 00:00:00'),
(496, 'Chaguaní', 'Cundinamarca', 1, NULL, NULL, NULL, NULL, '0000-00-00 00:00:00', '0000-00-00 00:00:00'),
(497, 'Chía', 'Cundinamarca', 1, NULL, NULL, NULL, NULL, '0000-00-00 00:00:00', '0000-00-00 00:00:00'),
(498, 'Chipaque', 'Cundinamarca', 1, NULL, NULL, NULL, NULL, '0000-00-00 00:00:00', '0000-00-00 00:00:00'),
(499, 'Choachí', 'Cundinamarca', 1, NULL, NULL, NULL, NULL, '0000-00-00 00:00:00', '0000-00-00 00:00:00'),
(500, 'Chocontá', 'Cundinamarca', 1, NULL, NULL, NULL, NULL, '0000-00-00 00:00:00', '0000-00-00 00:00:00'),
(501, 'Cogua', 'Cundinamarca', 1, NULL, NULL, NULL, NULL, '0000-00-00 00:00:00', '0000-00-00 00:00:00'),
(502, 'Cota', 'Cundinamarca', 1, NULL, NULL, NULL, NULL, '0000-00-00 00:00:00', '0000-00-00 00:00:00'),
(503, 'Cucunubá', 'Cundinamarca', 1, NULL, NULL, NULL, NULL, '0000-00-00 00:00:00', '0000-00-00 00:00:00'),
(504, 'El Colegio', 'Cundinamarca', 1, NULL, NULL, NULL, NULL, '0000-00-00 00:00:00', '0000-00-00 00:00:00'),
(505, 'El Peñón', 'Cundinamarca', 1, NULL, NULL, NULL, NULL, '0000-00-00 00:00:00', '0000-00-00 00:00:00'),
(506, 'El Rosal', 'Cundinamarca', 1, NULL, NULL, NULL, NULL, '0000-00-00 00:00:00', '0000-00-00 00:00:00'),
(507, 'Facatativá', 'Cundinamarca', 1, NULL, NULL, NULL, NULL, '0000-00-00 00:00:00', '0000-00-00 00:00:00'),
(508, 'Fómeque', 'Cundinamarca', 1, NULL, NULL, NULL, NULL, '0000-00-00 00:00:00', '0000-00-00 00:00:00'),
(509, 'Fosca', 'Cundinamarca', 1, NULL, NULL, NULL, NULL, '0000-00-00 00:00:00', '0000-00-00 00:00:00'),
(510, 'Funza', 'Cundinamarca', 1, NULL, NULL, NULL, NULL, '0000-00-00 00:00:00', '0000-00-00 00:00:00'),
(511, 'Fúquene', 'Cundinamarca', 1, NULL, NULL, NULL, NULL, '0000-00-00 00:00:00', '0000-00-00 00:00:00'),
(512, 'Fusagasugá', 'Cundinamarca', 1, NULL, NULL, NULL, NULL, '0000-00-00 00:00:00', '0000-00-00 00:00:00'),
(513, 'Gachalá', 'Cundinamarca', 1, NULL, NULL, NULL, NULL, '0000-00-00 00:00:00', '0000-00-00 00:00:00'),
(514, 'Gachancipá', 'Cundinamarca', 1, NULL, NULL, NULL, NULL, '0000-00-00 00:00:00', '0000-00-00 00:00:00'),
(515, 'Gachetá', 'Cundinamarca', 1, NULL, NULL, NULL, NULL, '0000-00-00 00:00:00', '0000-00-00 00:00:00'),
(516, 'Gama', 'Cundinamarca', 1, NULL, NULL, NULL, NULL, '0000-00-00 00:00:00', '0000-00-00 00:00:00'),
(517, 'Girardot', 'Cundinamarca', 1, NULL, NULL, NULL, NULL, '0000-00-00 00:00:00', '0000-00-00 00:00:00'),
(518, 'Granada', 'Cundinamarca', 1, NULL, NULL, NULL, NULL, '0000-00-00 00:00:00', '0000-00-00 00:00:00'),
(519, 'Guachetá', 'Cundinamarca', 1, NULL, NULL, NULL, NULL, '0000-00-00 00:00:00', '0000-00-00 00:00:00'),
(520, 'Guaduas', 'Cundinamarca', 1, NULL, NULL, NULL, NULL, '0000-00-00 00:00:00', '0000-00-00 00:00:00'),
(521, 'Guasca', 'Cundinamarca', 1, NULL, NULL, NULL, NULL, '0000-00-00 00:00:00', '0000-00-00 00:00:00'),
(522, 'Guataquí', 'Cundinamarca', 1, NULL, NULL, NULL, NULL, '0000-00-00 00:00:00', '0000-00-00 00:00:00'),
(523, 'Guatavita', 'Cundinamarca', 1, NULL, NULL, NULL, NULL, '0000-00-00 00:00:00', '0000-00-00 00:00:00'),
(524, 'Guayabal de Síquima', 'Cundinamarca', 1, NULL, NULL, NULL, NULL, '0000-00-00 00:00:00', '0000-00-00 00:00:00'),
(525, 'Guayabetal', 'Cundinamarca', 1, NULL, NULL, NULL, NULL, '0000-00-00 00:00:00', '0000-00-00 00:00:00'),
(526, 'Gutiérrez', 'Cundinamarca', 1, NULL, NULL, NULL, NULL, '0000-00-00 00:00:00', '0000-00-00 00:00:00'),
(527, 'Jerusalén', 'Cundinamarca', 1, NULL, NULL, NULL, NULL, '0000-00-00 00:00:00', '0000-00-00 00:00:00'),
(528, 'Junín', 'Cundinamarca', 1, NULL, NULL, NULL, NULL, '0000-00-00 00:00:00', '0000-00-00 00:00:00'),
(529, 'La Calera', 'Cundinamarca', 1, NULL, NULL, NULL, NULL, '0000-00-00 00:00:00', '0000-00-00 00:00:00'),
(530, 'La Mesa', 'Cundinamarca', 1, NULL, NULL, NULL, NULL, '0000-00-00 00:00:00', '0000-00-00 00:00:00'),
(531, 'La Palma', 'Cundinamarca', 1, NULL, NULL, NULL, NULL, '0000-00-00 00:00:00', '0000-00-00 00:00:00'),
(532, 'La Peña', 'Cundinamarca', 1, NULL, NULL, NULL, NULL, '0000-00-00 00:00:00', '0000-00-00 00:00:00'),
(533, 'La Vega', 'Cundinamarca', 1, NULL, NULL, NULL, NULL, '0000-00-00 00:00:00', '0000-00-00 00:00:00'),
(534, 'Lenguazaque', 'Cundinamarca', 1, NULL, NULL, NULL, NULL, '0000-00-00 00:00:00', '0000-00-00 00:00:00'),
(535, 'Machetá', 'Cundinamarca', 1, NULL, NULL, NULL, NULL, '0000-00-00 00:00:00', '0000-00-00 00:00:00'),
(536, 'Madrid', 'Cundinamarca', 1, NULL, NULL, NULL, NULL, '0000-00-00 00:00:00', '0000-00-00 00:00:00'),
(537, 'Manta', 'Cundinamarca', 1, NULL, NULL, NULL, NULL, '0000-00-00 00:00:00', '0000-00-00 00:00:00'),
(538, 'Medina', 'Cundinamarca', 1, NULL, NULL, NULL, NULL, '0000-00-00 00:00:00', '0000-00-00 00:00:00'),
(539, 'Mosquera', 'Cundinamarca', 1, NULL, NULL, NULL, NULL, '0000-00-00 00:00:00', '0000-00-00 00:00:00'),
(540, 'Nariño', 'Cundinamarca', 1, NULL, NULL, NULL, NULL, '0000-00-00 00:00:00', '0000-00-00 00:00:00'),
(541, 'Nemocón', 'Cundinamarca', 1, NULL, NULL, NULL, NULL, '0000-00-00 00:00:00', '0000-00-00 00:00:00'),
(542, 'Nilo', 'Cundinamarca', 1, NULL, NULL, NULL, NULL, '0000-00-00 00:00:00', '0000-00-00 00:00:00'),
(543, 'Nimaima', 'Cundinamarca', 1, NULL, NULL, NULL, NULL, '0000-00-00 00:00:00', '0000-00-00 00:00:00'),
(544, 'Nocaima', 'Cundinamarca', 1, NULL, NULL, NULL, NULL, '0000-00-00 00:00:00', '0000-00-00 00:00:00'),
(545, 'Venecia (Ospina Pérez)', 'Cundinamarca', 1, NULL, NULL, NULL, NULL, '0000-00-00 00:00:00', '0000-00-00 00:00:00'),
(546, 'Pacho', 'Cundinamarca', 1, NULL, NULL, NULL, NULL, '0000-00-00 00:00:00', '0000-00-00 00:00:00'),
(547, 'Paime', 'Cundinamarca', 1, NULL, NULL, NULL, NULL, '0000-00-00 00:00:00', '0000-00-00 00:00:00'),
(548, 'Pandi', 'Cundinamarca', 1, NULL, NULL, NULL, NULL, '0000-00-00 00:00:00', '0000-00-00 00:00:00'),
(549, 'Paratebueno', 'Cundinamarca', 1, NULL, NULL, NULL, NULL, '0000-00-00 00:00:00', '0000-00-00 00:00:00'),
(550, 'Pasca', 'Cundinamarca', 1, NULL, NULL, NULL, NULL, '0000-00-00 00:00:00', '0000-00-00 00:00:00'),
(551, 'Puerto Salgar', 'Cundinamarca', 1, NULL, NULL, NULL, NULL, '0000-00-00 00:00:00', '0000-00-00 00:00:00'),
(552, 'Pulí', 'Cundinamarca', 1, NULL, NULL, NULL, NULL, '0000-00-00 00:00:00', '0000-00-00 00:00:00'),
(553, 'Quebradanegra', 'Cundinamarca', 1, NULL, NULL, NULL, NULL, '0000-00-00 00:00:00', '0000-00-00 00:00:00'),
(554, 'Quetame', 'Cundinamarca', 1, NULL, NULL, NULL, NULL, '0000-00-00 00:00:00', '0000-00-00 00:00:00'),
(555, 'Quipile', 'Cundinamarca', 1, NULL, NULL, NULL, NULL, '0000-00-00 00:00:00', '0000-00-00 00:00:00'),
(556, 'Rafael', 'Cundinamarca', 1, NULL, NULL, NULL, NULL, '0000-00-00 00:00:00', '0000-00-00 00:00:00'),
(557, 'Ricaurte', 'Cundinamarca', 1, NULL, NULL, NULL, NULL, '0000-00-00 00:00:00', '0000-00-00 00:00:00'),
(558, 'San Antonio de Tequendama', 'Cundinamarca', 1, NULL, NULL, NULL, NULL, '0000-00-00 00:00:00', '0000-00-00 00:00:00'),
(559, 'San Bernardo', 'Cundinamarca', 1, NULL, NULL, NULL, NULL, '0000-00-00 00:00:00', '0000-00-00 00:00:00'),
(560, 'San Cayetano', 'Cundinamarca', 1, NULL, NULL, NULL, NULL, '0000-00-00 00:00:00', '0000-00-00 00:00:00'),
(561, 'San Francisco', 'Cundinamarca', 1, NULL, NULL, NULL, NULL, '0000-00-00 00:00:00', '0000-00-00 00:00:00'),
(562, 'San Juan de Rioseco', 'Cundinamarca', 1, NULL, NULL, NULL, NULL, '0000-00-00 00:00:00', '0000-00-00 00:00:00'),
(563, 'Sasaima', 'Cundinamarca', 1, NULL, NULL, NULL, NULL, '0000-00-00 00:00:00', '0000-00-00 00:00:00'),
(564, 'Sesquilé', 'Cundinamarca', 1, NULL, NULL, NULL, NULL, '0000-00-00 00:00:00', '0000-00-00 00:00:00'),
(565, 'Sibate', 'Cundinamarca', 1, NULL, NULL, NULL, NULL, '0000-00-00 00:00:00', '0000-00-00 00:00:00'),
(566, 'Silvania', 'Cundinamarca', 1, NULL, NULL, NULL, NULL, '0000-00-00 00:00:00', '0000-00-00 00:00:00'),
(567, 'Simijaca', 'Cundinamarca', 1, NULL, NULL, NULL, NULL, '0000-00-00 00:00:00', '0000-00-00 00:00:00'),
(568, 'Soacha', 'Cundinamarca', 1, NULL, NULL, NULL, NULL, '0000-00-00 00:00:00', '0000-00-00 00:00:00'),
(569, 'Sopó', 'Cundinamarca', 1, NULL, NULL, NULL, NULL, '0000-00-00 00:00:00', '0000-00-00 00:00:00'),
(570, 'Subachoque', 'Cundinamarca', 1, NULL, NULL, NULL, NULL, '0000-00-00 00:00:00', '0000-00-00 00:00:00'),
(571, 'Suesca', 'Cundinamarca', 1, NULL, NULL, NULL, NULL, '0000-00-00 00:00:00', '0000-00-00 00:00:00'),
(572, 'Supatá', 'Cundinamarca', 1, NULL, NULL, NULL, NULL, '0000-00-00 00:00:00', '0000-00-00 00:00:00'),
(573, 'Susa', 'Cundinamarca', 1, NULL, NULL, NULL, NULL, '0000-00-00 00:00:00', '0000-00-00 00:00:00'),
(574, 'Sutatausa', 'Cundinamarca', 1, NULL, NULL, NULL, NULL, '0000-00-00 00:00:00', '0000-00-00 00:00:00'),
(575, 'Tabio', 'Cundinamarca', 1, NULL, NULL, NULL, NULL, '0000-00-00 00:00:00', '0000-00-00 00:00:00'),
(576, 'Tausa', 'Cundinamarca', 1, NULL, NULL, NULL, NULL, '0000-00-00 00:00:00', '0000-00-00 00:00:00'),
(577, 'Tena', 'Cundinamarca', 1, NULL, NULL, NULL, NULL, '0000-00-00 00:00:00', '0000-00-00 00:00:00'),
(578, 'Tenjo', 'Cundinamarca', 1, NULL, NULL, NULL, NULL, '0000-00-00 00:00:00', '0000-00-00 00:00:00'),
(579, 'Tibacuy', 'Cundinamarca', 1, NULL, NULL, NULL, NULL, '0000-00-00 00:00:00', '0000-00-00 00:00:00'),
(580, 'Tibiritá', 'Cundinamarca', 1, NULL, NULL, NULL, NULL, '0000-00-00 00:00:00', '0000-00-00 00:00:00'),
(581, 'Tocaima', 'Cundinamarca', 1, NULL, NULL, NULL, NULL, '0000-00-00 00:00:00', '0000-00-00 00:00:00'),
(582, 'Tocancipá', 'Cundinamarca', 1, NULL, NULL, NULL, NULL, '0000-00-00 00:00:00', '0000-00-00 00:00:00'),
(583, 'Topaipí', 'Cundinamarca', 1, NULL, NULL, NULL, NULL, '0000-00-00 00:00:00', '0000-00-00 00:00:00'),
(584, 'Ubalá', 'Cundinamarca', 1, NULL, NULL, NULL, NULL, '0000-00-00 00:00:00', '0000-00-00 00:00:00'),
(585, 'Ubaque', 'Cundinamarca', 1, NULL, NULL, NULL, NULL, '0000-00-00 00:00:00', '0000-00-00 00:00:00'),
(586, 'Ubaté', 'Cundinamarca', 1, NULL, NULL, NULL, NULL, '0000-00-00 00:00:00', '0000-00-00 00:00:00'),
(587, 'Une', 'Cundinamarca', 1, NULL, NULL, NULL, NULL, '0000-00-00 00:00:00', '0000-00-00 00:00:00'),
(588, 'Útica', 'Cundinamarca', 1, NULL, NULL, NULL, NULL, '0000-00-00 00:00:00', '0000-00-00 00:00:00'),
(589, 'Vergara', 'Cundinamarca', 1, NULL, NULL, NULL, NULL, '0000-00-00 00:00:00', '0000-00-00 00:00:00'),
(590, 'Vianí', 'Cundinamarca', 1, NULL, NULL, NULL, NULL, '0000-00-00 00:00:00', '0000-00-00 00:00:00'),
(591, 'Villagómez', 'Cundinamarca', 1, NULL, NULL, NULL, NULL, '0000-00-00 00:00:00', '0000-00-00 00:00:00'),
(592, 'Villapinzón', 'Cundinamarca', 1, NULL, NULL, NULL, NULL, '0000-00-00 00:00:00', '0000-00-00 00:00:00'),
(593, 'Villeta', 'Cundinamarca', 1, NULL, NULL, NULL, NULL, '0000-00-00 00:00:00', '0000-00-00 00:00:00'),
(594, 'Viotá', 'Cundinamarca', 1, NULL, NULL, NULL, NULL, '0000-00-00 00:00:00', '0000-00-00 00:00:00'),
(595, 'Yacopí', 'Cundinamarca', 1, NULL, NULL, NULL, NULL, '0000-00-00 00:00:00', '0000-00-00 00:00:00'),
(596, 'Zipacón', 'Cundinamarca', 1, NULL, NULL, NULL, NULL, '0000-00-00 00:00:00', '0000-00-00 00:00:00'),
(597, 'Zipaquirá', 'Cundinamarca', 1, NULL, NULL, NULL, NULL, '0000-00-00 00:00:00', '0000-00-00 00:00:00'),
(598, 'Quibdó', 'Chocó', 1, NULL, NULL, NULL, NULL, '0000-00-00 00:00:00', '0000-00-00 00:00:00'),
(599, 'Acandí', 'Chocó', 1, NULL, NULL, NULL, NULL, '0000-00-00 00:00:00', '0000-00-00 00:00:00'),
(600, 'Alto Baudó (Pie de Pato)', 'Chocó', 1, NULL, NULL, NULL, NULL, '0000-00-00 00:00:00', '0000-00-00 00:00:00'),
(601, 'Atrato (Yuto)', 'Chocó', 1, NULL, NULL, NULL, NULL, '0000-00-00 00:00:00', '0000-00-00 00:00:00'),
(602, 'Bagadó', 'Chocó', 1, NULL, NULL, NULL, NULL, '0000-00-00 00:00:00', '0000-00-00 00:00:00'),
(603, 'Bahía Solano (Mútis)', 'Chocó', 1, NULL, NULL, NULL, NULL, '0000-00-00 00:00:00', '0000-00-00 00:00:00'),
(604, 'Bajo Baudó (Pizarro)', 'Chocó', 1, NULL, NULL, NULL, NULL, '0000-00-00 00:00:00', '0000-00-00 00:00:00'),
(605, 'Bojayá (Bellavista)', 'Chocó', 1, NULL, NULL, NULL, NULL, '0000-00-00 00:00:00', '0000-00-00 00:00:00'),
(606, 'Cantón de San Pablo', 'Chocó', 1, NULL, NULL, NULL, NULL, '0000-00-00 00:00:00', '0000-00-00 00:00:00'),
(607, 'Condoto', 'Chocó', 1, NULL, NULL, NULL, NULL, '0000-00-00 00:00:00', '0000-00-00 00:00:00'),
(608, 'El Carmen', 'Chocó', 1, NULL, NULL, NULL, NULL, '0000-00-00 00:00:00', '0000-00-00 00:00:00'),
(609, 'El Litoral de San Juan', 'Chocó', 1, NULL, NULL, NULL, NULL, '0000-00-00 00:00:00', '0000-00-00 00:00:00'),
(610, 'Itsmina', 'Chocó', 1, NULL, NULL, NULL, NULL, '0000-00-00 00:00:00', '0000-00-00 00:00:00'),
(611, 'Juradó', 'Chocó', 1, NULL, NULL, NULL, NULL, '0000-00-00 00:00:00', '0000-00-00 00:00:00'),
(612, 'Lloró', 'Chocó', 1, NULL, NULL, NULL, NULL, '0000-00-00 00:00:00', '0000-00-00 00:00:00'),
(613, 'Nóvita', 'Chocó', 1, NULL, NULL, NULL, NULL, '0000-00-00 00:00:00', '0000-00-00 00:00:00'),
(614, 'Nuquí', 'Chocó', 1, NULL, NULL, NULL, NULL, '0000-00-00 00:00:00', '0000-00-00 00:00:00'),
(615, 'Riosucio', 'Chocó', 1, NULL, NULL, NULL, NULL, '0000-00-00 00:00:00', '0000-00-00 00:00:00'),
(616, 'San José del Palmar', 'Chocó', 1, NULL, NULL, NULL, NULL, '0000-00-00 00:00:00', '0000-00-00 00:00:00'),
(617, 'Sipí', 'Chocó', 1, NULL, NULL, NULL, NULL, '0000-00-00 00:00:00', '0000-00-00 00:00:00'),
(618, 'Tadó', 'Chocó', 1, NULL, NULL, NULL, NULL, '0000-00-00 00:00:00', '0000-00-00 00:00:00'),
(619, 'Unguía', 'Chocó', 1, NULL, NULL, NULL, NULL, '0000-00-00 00:00:00', '0000-00-00 00:00:00'),
(620, 'Puerto Inírida', 'Guainía', 1, NULL, NULL, NULL, NULL, '0000-00-00 00:00:00', '0000-00-00 00:00:00'),
(621, 'San José del Guaviare', 'Guaviare', 1, NULL, NULL, NULL, NULL, '0000-00-00 00:00:00', '0000-00-00 00:00:00'),
(622, 'Calamar', 'Guaviare', 1, NULL, NULL, NULL, NULL, '0000-00-00 00:00:00', '0000-00-00 00:00:00'),
(623, 'El Retorno', 'Guaviare', 1, NULL, NULL, NULL, NULL, '0000-00-00 00:00:00', '0000-00-00 00:00:00'),
(624, 'Miraflores', 'Guaviare', 1, NULL, NULL, NULL, NULL, '0000-00-00 00:00:00', '0000-00-00 00:00:00'),
(625, 'Neiva', 'Huila', 1, NULL, NULL, NULL, NULL, '0000-00-00 00:00:00', '0000-00-00 00:00:00'),
(626, 'Acevedo', 'Huila', 1, NULL, NULL, NULL, NULL, '0000-00-00 00:00:00', '0000-00-00 00:00:00'),
(627, 'Agrado', 'Huila', 1, NULL, NULL, NULL, NULL, '0000-00-00 00:00:00', '0000-00-00 00:00:00'),
(628, 'Aipe', 'Huila', 1, NULL, NULL, NULL, NULL, '0000-00-00 00:00:00', '0000-00-00 00:00:00'),
(629, 'Algeciras', 'Huila', 1, NULL, NULL, NULL, NULL, '0000-00-00 00:00:00', '0000-00-00 00:00:00'),
(630, 'Altamira', 'Huila', 1, NULL, NULL, NULL, NULL, '0000-00-00 00:00:00', '0000-00-00 00:00:00'),
(631, 'Baraya', 'Huila', 1, NULL, NULL, NULL, NULL, '0000-00-00 00:00:00', '0000-00-00 00:00:00'),
(632, 'Campoalegre', 'Huila', 1, NULL, NULL, NULL, NULL, '0000-00-00 00:00:00', '0000-00-00 00:00:00'),
(633, 'Colombia', 'Huila', 1, NULL, NULL, NULL, NULL, '0000-00-00 00:00:00', '0000-00-00 00:00:00'),
(634, 'Elías', 'Huila', 1, NULL, NULL, NULL, NULL, '0000-00-00 00:00:00', '0000-00-00 00:00:00'),
(635, 'Garzón', 'Huila', 1, NULL, NULL, NULL, NULL, '0000-00-00 00:00:00', '0000-00-00 00:00:00'),
(636, 'Gigante', 'Huila', 1, NULL, NULL, NULL, NULL, '0000-00-00 00:00:00', '0000-00-00 00:00:00'),
(637, 'Guadalupe', 'Huila', 1, NULL, NULL, NULL, NULL, '0000-00-00 00:00:00', '0000-00-00 00:00:00'),
(638, 'Hobo', 'Huila', 1, NULL, NULL, NULL, NULL, '0000-00-00 00:00:00', '0000-00-00 00:00:00'),
(639, 'Iquira', 'Huila', 1, NULL, NULL, NULL, NULL, '0000-00-00 00:00:00', '0000-00-00 00:00:00'),
(640, 'Isnos', 'Huila', 1, NULL, NULL, NULL, NULL, '0000-00-00 00:00:00', '0000-00-00 00:00:00'),
(641, 'La Argentina', 'Huila', 1, NULL, NULL, NULL, NULL, '0000-00-00 00:00:00', '0000-00-00 00:00:00'),
(642, 'La Plata', 'Huila', 1, NULL, NULL, NULL, NULL, '0000-00-00 00:00:00', '0000-00-00 00:00:00'),
(643, 'Nátaga', 'Huila', 1, NULL, NULL, NULL, NULL, '0000-00-00 00:00:00', '0000-00-00 00:00:00'),
(644, 'Oporapa', 'Huila', 1, NULL, NULL, NULL, NULL, '0000-00-00 00:00:00', '0000-00-00 00:00:00'),
(645, 'Paicol', 'Huila', 1, NULL, NULL, NULL, NULL, '0000-00-00 00:00:00', '0000-00-00 00:00:00'),
(646, 'Palermo', 'Huila', 1, NULL, NULL, NULL, NULL, '0000-00-00 00:00:00', '0000-00-00 00:00:00'),
(647, 'Palestina', 'Huila', 1, NULL, NULL, NULL, NULL, '0000-00-00 00:00:00', '0000-00-00 00:00:00'),
(648, 'Pital', 'Huila', 1, NULL, NULL, NULL, NULL, '0000-00-00 00:00:00', '0000-00-00 00:00:00'),
(649, 'Pitalito', 'Huila', 1, NULL, NULL, NULL, NULL, '0000-00-00 00:00:00', '0000-00-00 00:00:00'),
(650, 'Rivera', 'Huila', 1, NULL, NULL, NULL, NULL, '0000-00-00 00:00:00', '0000-00-00 00:00:00'),
(651, 'Saladoblanco', 'Huila', 1, NULL, NULL, NULL, NULL, '0000-00-00 00:00:00', '0000-00-00 00:00:00'),
(652, 'San Agustín', 'Huila', 1, NULL, NULL, NULL, NULL, '0000-00-00 00:00:00', '0000-00-00 00:00:00'),
(653, 'Santa María', 'Huila', 1, NULL, NULL, NULL, NULL, '0000-00-00 00:00:00', '0000-00-00 00:00:00'),
(654, 'Suazá', 'Huila', 1, NULL, NULL, NULL, NULL, '0000-00-00 00:00:00', '0000-00-00 00:00:00'),
(655, 'Tarqui', 'Huila', 1, NULL, NULL, NULL, NULL, '0000-00-00 00:00:00', '0000-00-00 00:00:00'),
(656, 'Tesalia', 'Huila', 1, NULL, NULL, NULL, NULL, '0000-00-00 00:00:00', '0000-00-00 00:00:00'),
(657, 'Tello', 'Huila', 1, NULL, NULL, NULL, NULL, '0000-00-00 00:00:00', '0000-00-00 00:00:00'),
(658, 'Teruel', 'Huila', 1, NULL, NULL, NULL, NULL, '0000-00-00 00:00:00', '0000-00-00 00:00:00'),
(659, 'Timaná', 'Huila', 1, NULL, NULL, NULL, NULL, '0000-00-00 00:00:00', '0000-00-00 00:00:00'),
(660, 'Villavieja', 'Huila', 1, NULL, NULL, NULL, NULL, '0000-00-00 00:00:00', '0000-00-00 00:00:00'),
(661, 'Yaguará', 'Huila', 1, NULL, NULL, NULL, NULL, '0000-00-00 00:00:00', '0000-00-00 00:00:00'),
(662, 'Riohacha', 'La Guajira', 1, NULL, NULL, NULL, NULL, '0000-00-00 00:00:00', '0000-00-00 00:00:00'),
(663, 'Barrancas', 'La Guajira', 1, NULL, NULL, NULL, NULL, '0000-00-00 00:00:00', '0000-00-00 00:00:00'),
(664, 'Dibulla', 'La Guajira', 1, NULL, NULL, NULL, NULL, '0000-00-00 00:00:00', '0000-00-00 00:00:00'),
(665, 'Distracción', 'La Guajira', 1, NULL, NULL, NULL, NULL, '0000-00-00 00:00:00', '0000-00-00 00:00:00'),
(666, 'El Molino', 'La Guajira', 1, NULL, NULL, NULL, NULL, '0000-00-00 00:00:00', '0000-00-00 00:00:00'),
(667, 'Fonseca', 'La Guajira', 1, NULL, NULL, NULL, NULL, '0000-00-00 00:00:00', '0000-00-00 00:00:00'),
(668, 'Hatonuevo', 'La Guajira', 1, NULL, NULL, NULL, NULL, '0000-00-00 00:00:00', '0000-00-00 00:00:00'),
(669, 'Maicao', 'La Guajira', 1, NULL, NULL, NULL, NULL, '0000-00-00 00:00:00', '0000-00-00 00:00:00'),
(670, 'Manaure', 'La Guajira', 1, NULL, NULL, NULL, NULL, '0000-00-00 00:00:00', '0000-00-00 00:00:00'),
(671, 'San Juan del Cesar', 'La Guajira', 1, NULL, NULL, NULL, NULL, '0000-00-00 00:00:00', '0000-00-00 00:00:00'),
(672, 'Uribía', 'La Guajira', 1, NULL, NULL, NULL, NULL, '0000-00-00 00:00:00', '0000-00-00 00:00:00'),
(673, 'Urumita', 'La Guajira', 1, NULL, NULL, NULL, NULL, '0000-00-00 00:00:00', '0000-00-00 00:00:00'),
(674, 'Villanueva', 'La Guajira', 1, NULL, NULL, NULL, NULL, '0000-00-00 00:00:00', '0000-00-00 00:00:00'),
(675, 'Santa Marta', 'Magdalena', 1, NULL, NULL, NULL, NULL, '0000-00-00 00:00:00', '0000-00-00 00:00:00'),
(676, 'Aracataca', 'Magdalena', 1, NULL, NULL, NULL, NULL, '0000-00-00 00:00:00', '0000-00-00 00:00:00'),
(677, 'Ariguaní (El Difícil)', 'Magdalena', 1, NULL, NULL, NULL, NULL, '0000-00-00 00:00:00', '0000-00-00 00:00:00'),
(678, 'Cerro San Antonio', 'Magdalena', 1, NULL, NULL, NULL, NULL, '0000-00-00 00:00:00', '0000-00-00 00:00:00'),
(679, 'Chivolo', 'Magdalena', 1, NULL, NULL, NULL, NULL, '0000-00-00 00:00:00', '0000-00-00 00:00:00'),
(680, 'Ciénaga', 'Magdalena', 1, NULL, NULL, NULL, NULL, '0000-00-00 00:00:00', '0000-00-00 00:00:00'),
(681, 'El Banco', 'Magdalena', 1, NULL, NULL, NULL, NULL, '0000-00-00 00:00:00', '0000-00-00 00:00:00'),
(682, 'El Piñón', 'Magdalena', 1, NULL, NULL, NULL, NULL, '0000-00-00 00:00:00', '0000-00-00 00:00:00'),
(683, 'El Retén', 'Magdalena', 1, NULL, NULL, NULL, NULL, '0000-00-00 00:00:00', '0000-00-00 00:00:00'),
(684, 'Fundación', 'Magdalena', 1, NULL, NULL, NULL, NULL, '0000-00-00 00:00:00', '0000-00-00 00:00:00'),
(685, 'Guamal', 'Magdalena', 1, NULL, NULL, NULL, NULL, '0000-00-00 00:00:00', '0000-00-00 00:00:00'),
(686, 'Pedraza', 'Magdalena', 1, NULL, NULL, NULL, NULL, '0000-00-00 00:00:00', '0000-00-00 00:00:00'),
(687, 'Pijiño del Carmen', 'Magdalena', 1, NULL, NULL, NULL, NULL, '0000-00-00 00:00:00', '0000-00-00 00:00:00'),
(688, 'Pivijay', 'Magdalena', 1, NULL, NULL, NULL, NULL, '0000-00-00 00:00:00', '0000-00-00 00:00:00'),
(689, 'Plato', 'Magdalena', 1, NULL, NULL, NULL, NULL, '0000-00-00 00:00:00', '0000-00-00 00:00:00'),
(690, 'Publoviejo', 'Magdalena', 1, NULL, NULL, NULL, NULL, '0000-00-00 00:00:00', '0000-00-00 00:00:00'),
(691, 'Remolino', 'Magdalena', 1, NULL, NULL, NULL, NULL, '0000-00-00 00:00:00', '0000-00-00 00:00:00'),
(692, 'Salamina', 'Magdalena', 1, NULL, NULL, NULL, NULL, '0000-00-00 00:00:00', '0000-00-00 00:00:00'),
(693, 'San Sebastián de Buuenavista', 'Magdalena', 1, NULL, NULL, NULL, NULL, '0000-00-00 00:00:00', '0000-00-00 00:00:00'),
(694, 'San Zenón', 'Magdalena', 1, NULL, NULL, NULL, NULL, '0000-00-00 00:00:00', '0000-00-00 00:00:00'),
(695, 'Santa Ana', 'Magdalena', 1, NULL, NULL, NULL, NULL, '0000-00-00 00:00:00', '0000-00-00 00:00:00'),
(696, 'Sitionuevo', 'Magdalena', 1, NULL, NULL, NULL, NULL, '0000-00-00 00:00:00', '0000-00-00 00:00:00'),
(697, 'Tenerife', 'Magdalena', 1, NULL, NULL, NULL, NULL, '0000-00-00 00:00:00', '0000-00-00 00:00:00'),
(698, 'Villavicencio', 'Meta', 1, NULL, NULL, NULL, NULL, '0000-00-00 00:00:00', '0000-00-00 00:00:00'),
(699, 'Acacias', 'Meta', 1, NULL, NULL, NULL, NULL, '0000-00-00 00:00:00', '0000-00-00 00:00:00'),
(700, 'Barranca de Upía', 'Meta', 1, NULL, NULL, NULL, NULL, '0000-00-00 00:00:00', '0000-00-00 00:00:00'),
(701, 'Cabuyaro', 'Meta', 1, NULL, NULL, NULL, NULL, '0000-00-00 00:00:00', '0000-00-00 00:00:00'),
(702, 'Castilla la Nueva', 'Meta', 1, NULL, NULL, NULL, NULL, '0000-00-00 00:00:00', '0000-00-00 00:00:00'),
(703, 'Cubarral', 'Meta', 1, NULL, NULL, NULL, NULL, '0000-00-00 00:00:00', '0000-00-00 00:00:00'),
(704, 'Cumaral', 'Meta', 1, NULL, NULL, NULL, NULL, '0000-00-00 00:00:00', '0000-00-00 00:00:00'),
(705, 'El Calvario', 'Meta', 1, NULL, NULL, NULL, NULL, '0000-00-00 00:00:00', '0000-00-00 00:00:00'),
(706, 'El Castillo', 'Meta', 1, NULL, NULL, NULL, NULL, '0000-00-00 00:00:00', '0000-00-00 00:00:00'),
(707, 'El Dorado', 'Meta', 1, NULL, NULL, NULL, NULL, '0000-00-00 00:00:00', '0000-00-00 00:00:00'),
(708, 'Fuente de Oro', 'Meta', 1, NULL, NULL, NULL, NULL, '0000-00-00 00:00:00', '0000-00-00 00:00:00'),
(709, 'Granada', 'Meta', 1, NULL, NULL, NULL, NULL, '0000-00-00 00:00:00', '0000-00-00 00:00:00'),
(710, 'Guamal', 'Meta', 1, NULL, NULL, NULL, NULL, '0000-00-00 00:00:00', '0000-00-00 00:00:00'),
(711, 'Mapiripán', 'Meta', 1, NULL, NULL, NULL, NULL, '0000-00-00 00:00:00', '0000-00-00 00:00:00'),
(712, 'Mesetas', 'Meta', 1, NULL, NULL, NULL, NULL, '0000-00-00 00:00:00', '0000-00-00 00:00:00'),
(713, 'La Macarena', 'Meta', 1, NULL, NULL, NULL, NULL, '0000-00-00 00:00:00', '0000-00-00 00:00:00'),
(714, 'La Uribe', 'Meta', 1, NULL, NULL, NULL, NULL, '0000-00-00 00:00:00', '0000-00-00 00:00:00'),
(715, 'Lejanías', 'Meta', 1, NULL, NULL, NULL, NULL, '0000-00-00 00:00:00', '0000-00-00 00:00:00'),
(716, 'Puerto Concordia', 'Meta', 1, NULL, NULL, NULL, NULL, '0000-00-00 00:00:00', '0000-00-00 00:00:00'),
(717, 'Puerto Gaitán', 'Meta', 1, NULL, NULL, NULL, NULL, '0000-00-00 00:00:00', '0000-00-00 00:00:00'),
(718, 'Puerto López', 'Meta', 1, NULL, NULL, NULL, NULL, '0000-00-00 00:00:00', '0000-00-00 00:00:00'),
(719, 'Puerto Lleras', 'Meta', 1, NULL, NULL, NULL, NULL, '0000-00-00 00:00:00', '0000-00-00 00:00:00'),
(720, 'Puerto Rico', 'Meta', 1, NULL, NULL, NULL, NULL, '0000-00-00 00:00:00', '0000-00-00 00:00:00'),
(721, 'Restrepo', 'Meta', 1, NULL, NULL, NULL, NULL, '0000-00-00 00:00:00', '0000-00-00 00:00:00'),
(722, 'San Carlos de Guaroa', 'Meta', 1, NULL, NULL, NULL, NULL, '0000-00-00 00:00:00', '0000-00-00 00:00:00'),
(723, 'San Juan de Arama', 'Meta', 1, NULL, NULL, NULL, NULL, '0000-00-00 00:00:00', '0000-00-00 00:00:00'),
(724, 'San Juanito', 'Meta', 1, NULL, NULL, NULL, NULL, '0000-00-00 00:00:00', '0000-00-00 00:00:00'),
(725, 'San Martín', 'Meta', 1, NULL, NULL, NULL, NULL, '0000-00-00 00:00:00', '0000-00-00 00:00:00'),
(726, 'Vistahermosa', 'Meta', 1, NULL, NULL, NULL, NULL, '0000-00-00 00:00:00', '0000-00-00 00:00:00'),
(727, 'Pasto', 'Nariño', 1, NULL, NULL, NULL, NULL, '0000-00-00 00:00:00', '0000-00-00 00:00:00'),
(728, 'Albán (San José)', 'Nariño', 1, NULL, NULL, NULL, NULL, '0000-00-00 00:00:00', '0000-00-00 00:00:00'),
(729, 'Aldana', 'Nariño', 1, NULL, NULL, NULL, NULL, '0000-00-00 00:00:00', '0000-00-00 00:00:00'),
(730, 'Ancuyá', 'Nariño', 1, NULL, NULL, NULL, NULL, '0000-00-00 00:00:00', '0000-00-00 00:00:00'),
(731, 'Arboleda (Berruecos)', 'Nariño', 1, NULL, NULL, NULL, NULL, '0000-00-00 00:00:00', '0000-00-00 00:00:00'),
(732, 'Barbacoas', 'Nariño', 1, NULL, NULL, NULL, NULL, '0000-00-00 00:00:00', '0000-00-00 00:00:00'),
(733, 'Belén', 'Nariño', 1, NULL, NULL, NULL, NULL, '0000-00-00 00:00:00', '0000-00-00 00:00:00'),
(734, 'Buesaco', 'Nariño', 1, NULL, NULL, NULL, NULL, '0000-00-00 00:00:00', '0000-00-00 00:00:00'),
(735, 'Colón (Génova)', 'Nariño', 1, NULL, NULL, NULL, NULL, '0000-00-00 00:00:00', '0000-00-00 00:00:00'),
(736, 'Consacá', 'Nariño', 1, NULL, NULL, NULL, NULL, '0000-00-00 00:00:00', '0000-00-00 00:00:00'),
(737, 'Contadero', 'Nariño', 1, NULL, NULL, NULL, NULL, '0000-00-00 00:00:00', '0000-00-00 00:00:00'),
(738, 'Córdoba', 'Nariño', 1, NULL, NULL, NULL, NULL, '0000-00-00 00:00:00', '0000-00-00 00:00:00'),
(739, 'Cuaspud (Carlosama)', 'Nariño', 1, NULL, NULL, NULL, NULL, '0000-00-00 00:00:00', '0000-00-00 00:00:00'),
(740, 'Cumbal', 'Nariño', 1, NULL, NULL, NULL, NULL, '0000-00-00 00:00:00', '0000-00-00 00:00:00'),
(741, 'Cumbitará', 'Nariño', 1, NULL, NULL, NULL, NULL, '0000-00-00 00:00:00', '0000-00-00 00:00:00'),
(742, 'Chachagüi', 'Nariño', 1, NULL, NULL, NULL, NULL, '0000-00-00 00:00:00', '0000-00-00 00:00:00'),
(743, 'El Charco', 'Nariño', 1, NULL, NULL, NULL, NULL, '0000-00-00 00:00:00', '0000-00-00 00:00:00'),
(744, 'El Rosario', 'Nariño', 1, NULL, NULL, NULL, NULL, '0000-00-00 00:00:00', '0000-00-00 00:00:00'),
(745, 'El Tablón', 'Nariño', 1, NULL, NULL, NULL, NULL, '0000-00-00 00:00:00', '0000-00-00 00:00:00'),
(746, 'El Tambo', 'Nariño', 1, NULL, NULL, NULL, NULL, '0000-00-00 00:00:00', '0000-00-00 00:00:00'),
(747, 'Funes', 'Nariño', 1, NULL, NULL, NULL, NULL, '0000-00-00 00:00:00', '0000-00-00 00:00:00'),
(748, 'Guachucal', 'Nariño', 1, NULL, NULL, NULL, NULL, '0000-00-00 00:00:00', '0000-00-00 00:00:00'),
(749, 'Guaitarilla', 'Nariño', 1, NULL, NULL, NULL, NULL, '0000-00-00 00:00:00', '0000-00-00 00:00:00'),
(750, 'Gualmatán', 'Nariño', 1, NULL, NULL, NULL, NULL, '0000-00-00 00:00:00', '0000-00-00 00:00:00'),
(751, 'Iles', 'Nariño', 1, NULL, NULL, NULL, NULL, '0000-00-00 00:00:00', '0000-00-00 00:00:00'),
(752, 'Imúes', 'Nariño', 1, NULL, NULL, NULL, NULL, '0000-00-00 00:00:00', '0000-00-00 00:00:00'),
(753, 'Ipiales', 'Nariño', 1, NULL, NULL, NULL, NULL, '0000-00-00 00:00:00', '0000-00-00 00:00:00'),
(754, 'La Cruz', 'Nariño', 1, NULL, NULL, NULL, NULL, '0000-00-00 00:00:00', '0000-00-00 00:00:00'),
(755, 'La Florida', 'Nariño', 1, NULL, NULL, NULL, NULL, '0000-00-00 00:00:00', '0000-00-00 00:00:00'),
(756, 'La Llanada', 'Nariño', 1, NULL, NULL, NULL, NULL, '0000-00-00 00:00:00', '0000-00-00 00:00:00'),
(757, 'La Tola', 'Nariño', 1, NULL, NULL, NULL, NULL, '0000-00-00 00:00:00', '0000-00-00 00:00:00'),
(758, 'La Unión', 'Nariño', 1, NULL, NULL, NULL, NULL, '0000-00-00 00:00:00', '0000-00-00 00:00:00'),
(759, 'Leiva', 'Nariño', 1, NULL, NULL, NULL, NULL, '0000-00-00 00:00:00', '0000-00-00 00:00:00'),
(760, 'Linares', 'Nariño', 1, NULL, NULL, NULL, NULL, '0000-00-00 00:00:00', '0000-00-00 00:00:00'),
(761, 'Los Andes (Sotomayor)', 'Nariño', 1, NULL, NULL, NULL, NULL, '0000-00-00 00:00:00', '0000-00-00 00:00:00'),
(762, 'Magüí (Payán)', 'Nariño', 1, NULL, NULL, NULL, NULL, '0000-00-00 00:00:00', '0000-00-00 00:00:00'),
(763, 'Mallama (Piedrancha)', 'Nariño', 1, NULL, NULL, NULL, NULL, '0000-00-00 00:00:00', '0000-00-00 00:00:00'),
(764, 'Mosquera', 'Nariño', 1, NULL, NULL, NULL, NULL, '0000-00-00 00:00:00', '0000-00-00 00:00:00'),
(765, 'Olaya', 'Nariño', 1, NULL, NULL, NULL, NULL, '0000-00-00 00:00:00', '0000-00-00 00:00:00'),
(766, 'Ospina', 'Nariño', 1, NULL, NULL, NULL, NULL, '0000-00-00 00:00:00', '0000-00-00 00:00:00'),
(767, 'Francisco Pizarro', 'Nariño', 1, NULL, NULL, NULL, NULL, '0000-00-00 00:00:00', '0000-00-00 00:00:00'),
(768, 'Policarpa', 'Nariño', 1, NULL, NULL, NULL, NULL, '0000-00-00 00:00:00', '0000-00-00 00:00:00'),
(769, 'Potosí', 'Nariño', 1, NULL, NULL, NULL, NULL, '0000-00-00 00:00:00', '0000-00-00 00:00:00'),
(770, 'Providencia', 'Nariño', 1, NULL, NULL, NULL, NULL, '0000-00-00 00:00:00', '0000-00-00 00:00:00'),
(771, 'Puerres', 'Nariño', 1, NULL, NULL, NULL, NULL, '0000-00-00 00:00:00', '0000-00-00 00:00:00'),
(772, 'Pupiales', 'Nariño', 1, NULL, NULL, NULL, NULL, '0000-00-00 00:00:00', '0000-00-00 00:00:00'),
(773, 'Ricaurte', 'Nariño', 1, NULL, NULL, NULL, NULL, '0000-00-00 00:00:00', '0000-00-00 00:00:00'),
(774, 'Roberto Payán (San José)', 'Nariño', 1, NULL, NULL, NULL, NULL, '0000-00-00 00:00:00', '0000-00-00 00:00:00'),
(775, 'Samaniego', 'Nariño', 1, NULL, NULL, NULL, NULL, '0000-00-00 00:00:00', '0000-00-00 00:00:00'),
(776, 'Sandoná', 'Nariño', 1, NULL, NULL, NULL, NULL, '0000-00-00 00:00:00', '0000-00-00 00:00:00'),
(777, 'San Bernardo', 'Nariño', 1, NULL, NULL, NULL, NULL, '0000-00-00 00:00:00', '0000-00-00 00:00:00'),
(778, 'San Lorenzo', 'Nariño', 1, NULL, NULL, NULL, NULL, '0000-00-00 00:00:00', '0000-00-00 00:00:00'),
(779, 'San Pablo', 'Nariño', 1, NULL, NULL, NULL, NULL, '0000-00-00 00:00:00', '0000-00-00 00:00:00'),
(780, 'San Pedro de Cartago', 'Nariño', 1, NULL, NULL, NULL, NULL, '0000-00-00 00:00:00', '0000-00-00 00:00:00'),
(781, 'Santa Bárbara (Iscuandé)', 'Nariño', 1, NULL, NULL, NULL, NULL, '0000-00-00 00:00:00', '0000-00-00 00:00:00'),
(782, 'Santa Cruz (Guachávez)', 'Nariño', 1, NULL, NULL, NULL, NULL, '0000-00-00 00:00:00', '0000-00-00 00:00:00'),
(783, 'Sapuyés', 'Nariño', 1, NULL, NULL, NULL, NULL, '0000-00-00 00:00:00', '0000-00-00 00:00:00'),
(784, 'Taminango', 'Nariño', 1, NULL, NULL, NULL, NULL, '0000-00-00 00:00:00', '0000-00-00 00:00:00'),
(785, 'Tangua', 'Nariño', 1, NULL, NULL, NULL, NULL, '0000-00-00 00:00:00', '0000-00-00 00:00:00'),
(786, 'Tumaco', 'Nariño', 1, NULL, NULL, NULL, NULL, '0000-00-00 00:00:00', '0000-00-00 00:00:00'),
(787, 'Túquerres', 'Nariño', 1, NULL, NULL, NULL, NULL, '0000-00-00 00:00:00', '0000-00-00 00:00:00'),
(788, 'Yacuanquer', 'Nariño', 1, NULL, NULL, NULL, NULL, '0000-00-00 00:00:00', '0000-00-00 00:00:00'),
(789, 'Cúcuta', 'Norte de Santander', 1, NULL, NULL, NULL, NULL, '0000-00-00 00:00:00', '0000-00-00 00:00:00'),
(790, 'Abrego', 'Norte de Santander', 1, NULL, NULL, NULL, NULL, '0000-00-00 00:00:00', '0000-00-00 00:00:00'),
(791, 'Arboledas', 'Norte de Santander', 1, NULL, NULL, NULL, NULL, '0000-00-00 00:00:00', '0000-00-00 00:00:00'),
(792, 'Bochalema', 'Norte de Santander', 1, NULL, NULL, NULL, NULL, '0000-00-00 00:00:00', '0000-00-00 00:00:00'),
(793, 'Bucarasica', 'Norte de Santander', 1, NULL, NULL, NULL, NULL, '0000-00-00 00:00:00', '0000-00-00 00:00:00'),
(794, 'Cácota', 'Norte de Santander', 1, NULL, NULL, NULL, NULL, '0000-00-00 00:00:00', '0000-00-00 00:00:00'),
(795, 'Cáchira', 'Norte de Santander', 1, NULL, NULL, NULL, NULL, '0000-00-00 00:00:00', '0000-00-00 00:00:00'),
(796, 'Chinácota', 'Norte de Santander', 1, NULL, NULL, NULL, NULL, '0000-00-00 00:00:00', '0000-00-00 00:00:00'),
(797, 'Chitagá', 'Norte de Santander', 1, NULL, NULL, NULL, NULL, '0000-00-00 00:00:00', '0000-00-00 00:00:00'),
(798, 'Convención', 'Norte de Santander', 1, NULL, NULL, NULL, NULL, '0000-00-00 00:00:00', '0000-00-00 00:00:00'),
(799, 'Cucutilla', 'Norte de Santander', 1, NULL, NULL, NULL, NULL, '0000-00-00 00:00:00', '0000-00-00 00:00:00'),
(800, 'Durania', 'Norte de Santander', 1, NULL, NULL, NULL, NULL, '0000-00-00 00:00:00', '0000-00-00 00:00:00'),
(801, 'El Carmen', 'Norte de Santander', 1, NULL, NULL, NULL, NULL, '0000-00-00 00:00:00', '0000-00-00 00:00:00'),
(802, 'El Tarra', 'Norte de Santander', 1, NULL, NULL, NULL, NULL, '0000-00-00 00:00:00', '0000-00-00 00:00:00'),
(803, 'El Zulia', 'Norte de Santander', 1, NULL, NULL, NULL, NULL, '0000-00-00 00:00:00', '0000-00-00 00:00:00'),
(804, 'Gramalote', 'Norte de Santander', 1, NULL, NULL, NULL, NULL, '0000-00-00 00:00:00', '0000-00-00 00:00:00'),
(805, 'Hacarí', 'Norte de Santander', 1, NULL, NULL, NULL, NULL, '0000-00-00 00:00:00', '0000-00-00 00:00:00'),
(806, 'Herrán', 'Norte de Santander', 1, NULL, NULL, NULL, NULL, '0000-00-00 00:00:00', '0000-00-00 00:00:00'),
(807, 'Labateca', 'Norte de Santander', 1, NULL, NULL, NULL, NULL, '0000-00-00 00:00:00', '0000-00-00 00:00:00'),
(808, 'La Esperanza', 'Norte de Santander', 1, NULL, NULL, NULL, NULL, '0000-00-00 00:00:00', '0000-00-00 00:00:00'),
(809, 'La Playa', 'Norte de Santander', 1, NULL, NULL, NULL, NULL, '0000-00-00 00:00:00', '0000-00-00 00:00:00'),
(810, 'Los Patios', 'Norte de Santander', 1, NULL, NULL, NULL, NULL, '0000-00-00 00:00:00', '0000-00-00 00:00:00'),
(811, 'Lourdes', 'Norte de Santander', 1, NULL, NULL, NULL, NULL, '0000-00-00 00:00:00', '0000-00-00 00:00:00'),
(812, 'Mutiscua', 'Norte de Santander', 1, NULL, NULL, NULL, NULL, '0000-00-00 00:00:00', '0000-00-00 00:00:00'),
(813, 'Ocaña', 'Norte de Santander', 1, NULL, NULL, NULL, NULL, '0000-00-00 00:00:00', '0000-00-00 00:00:00'),
(814, 'Pamplona', 'Norte de Santander', 1, NULL, NULL, NULL, NULL, '0000-00-00 00:00:00', '0000-00-00 00:00:00'),
(815, 'Pamplonita', 'Norte de Santander', 1, NULL, NULL, NULL, NULL, '0000-00-00 00:00:00', '0000-00-00 00:00:00'),
(816, 'Puerto Santander', 'Norte de Santander', 1, NULL, NULL, NULL, NULL, '0000-00-00 00:00:00', '0000-00-00 00:00:00'),
(817, 'Ragonvalia', 'Norte de Santander', 1, NULL, NULL, NULL, NULL, '0000-00-00 00:00:00', '0000-00-00 00:00:00'),
(818, 'Salazar', 'Norte de Santander', 1, NULL, NULL, NULL, NULL, '0000-00-00 00:00:00', '0000-00-00 00:00:00'),
(819, 'San Calixto', 'Norte de Santander', 1, NULL, NULL, NULL, NULL, '0000-00-00 00:00:00', '0000-00-00 00:00:00'),
(820, 'San Cayetano', 'Norte de Santander', 1, NULL, NULL, NULL, NULL, '0000-00-00 00:00:00', '0000-00-00 00:00:00'),
(821, 'Santiago', 'Norte de Santander', 1, NULL, NULL, NULL, NULL, '0000-00-00 00:00:00', '0000-00-00 00:00:00'),
(822, 'Sardinata', 'Norte de Santander', 1, NULL, NULL, NULL, NULL, '0000-00-00 00:00:00', '0000-00-00 00:00:00'),
(823, 'Silos', 'Norte de Santander', 1, NULL, NULL, NULL, NULL, '0000-00-00 00:00:00', '0000-00-00 00:00:00'),
(824, 'Teorama', 'Norte de Santander', 1, NULL, NULL, NULL, NULL, '0000-00-00 00:00:00', '0000-00-00 00:00:00'),
(825, 'Tibú', 'Norte de Santander', 1, NULL, NULL, NULL, NULL, '0000-00-00 00:00:00', '0000-00-00 00:00:00'),
(826, 'Toledo', 'Norte de Santander', 1, NULL, NULL, NULL, NULL, '0000-00-00 00:00:00', '0000-00-00 00:00:00'),
(827, 'Villacaro', 'Norte de Santander', 1, NULL, NULL, NULL, NULL, '0000-00-00 00:00:00', '0000-00-00 00:00:00'),
(828, 'Villa del Rosario', 'Norte de Santander', 1, NULL, NULL, NULL, NULL, '0000-00-00 00:00:00', '0000-00-00 00:00:00'),
(829, 'Mocoa', 'Putumayo', 1, NULL, NULL, NULL, NULL, '0000-00-00 00:00:00', '0000-00-00 00:00:00'),
(830, 'Colón', 'Putumayo', 1, NULL, NULL, NULL, NULL, '0000-00-00 00:00:00', '0000-00-00 00:00:00'),
(831, 'Orito', 'Putumayo', 1, NULL, NULL, NULL, NULL, '0000-00-00 00:00:00', '0000-00-00 00:00:00'),
(832, 'Puerto Asís', 'Putumayo', 1, NULL, NULL, NULL, NULL, '0000-00-00 00:00:00', '0000-00-00 00:00:00'),
(833, 'Puerto Caicedo', 'Putumayo', 1, NULL, NULL, NULL, NULL, '0000-00-00 00:00:00', '0000-00-00 00:00:00'),
(834, 'Puerto Guzmán', 'Putumayo', 1, NULL, NULL, NULL, NULL, '0000-00-00 00:00:00', '0000-00-00 00:00:00'),
(835, 'Puerto Leguízamo', 'Putumayo', 1, NULL, NULL, NULL, NULL, '0000-00-00 00:00:00', '0000-00-00 00:00:00'),
(836, 'Sibundoy', 'Putumayo', 1, NULL, NULL, NULL, NULL, '0000-00-00 00:00:00', '0000-00-00 00:00:00'),
(837, 'San Francisco', 'Putumayo', 1, NULL, NULL, NULL, NULL, '0000-00-00 00:00:00', '0000-00-00 00:00:00'),
(838, 'San Miguel', 'Putumayo', 1, NULL, NULL, NULL, NULL, '0000-00-00 00:00:00', '0000-00-00 00:00:00'),
(839, 'Santiago', 'Putumayo', 1, NULL, NULL, NULL, NULL, '0000-00-00 00:00:00', '0000-00-00 00:00:00'),
(840, 'Villa Gamuez (La Hormiga)', 'Putumayo', 1, NULL, NULL, NULL, NULL, '0000-00-00 00:00:00', '0000-00-00 00:00:00'),
(841, 'Villa Garzón', 'Putumayo', 1, NULL, NULL, NULL, NULL, '0000-00-00 00:00:00', '0000-00-00 00:00:00'),
(842, 'Armenia', 'Quindío', 1, NULL, NULL, NULL, NULL, '0000-00-00 00:00:00', '0000-00-00 00:00:00'),
(843, 'Buenavista', 'Quindío', 1, NULL, NULL, NULL, NULL, '0000-00-00 00:00:00', '0000-00-00 00:00:00'),
(844, 'Calarcá', 'Quindío', 1, NULL, NULL, NULL, NULL, '0000-00-00 00:00:00', '0000-00-00 00:00:00'),
(845, 'Circasia', 'Quindío', 1, NULL, NULL, NULL, NULL, '0000-00-00 00:00:00', '0000-00-00 00:00:00'),
(846, 'Córdoba', 'Quindío', 1, NULL, NULL, NULL, NULL, '0000-00-00 00:00:00', '0000-00-00 00:00:00'),
(847, 'Filandia', 'Quindío', 1, NULL, NULL, NULL, NULL, '0000-00-00 00:00:00', '0000-00-00 00:00:00'),
(848, 'Génova', 'Quindío', 1, NULL, NULL, NULL, NULL, '0000-00-00 00:00:00', '0000-00-00 00:00:00'),
(849, 'La Tebaida', 'Quindío', 1, NULL, NULL, NULL, NULL, '0000-00-00 00:00:00', '0000-00-00 00:00:00'),
(850, 'Montenegro', 'Quindío', 1, NULL, NULL, NULL, NULL, '0000-00-00 00:00:00', '0000-00-00 00:00:00'),
(851, 'Pijao', 'Quindío', 1, NULL, NULL, NULL, NULL, '0000-00-00 00:00:00', '0000-00-00 00:00:00'),
(852, 'Quimbaya', 'Quindío', 1, NULL, NULL, NULL, NULL, '0000-00-00 00:00:00', '0000-00-00 00:00:00'),
(853, 'Salento', 'Quindío', 1, NULL, NULL, NULL, NULL, '0000-00-00 00:00:00', '0000-00-00 00:00:00'),
(854, 'Pereira', 'Risaralda', 1, NULL, NULL, NULL, NULL, '0000-00-00 00:00:00', '0000-00-00 00:00:00'),
(855, 'Apía', 'Risaralda', 1, NULL, NULL, NULL, NULL, '0000-00-00 00:00:00', '0000-00-00 00:00:00'),
(856, 'Balboa', 'Risaralda', 1, NULL, NULL, NULL, NULL, '0000-00-00 00:00:00', '0000-00-00 00:00:00'),
(857, 'Belén de Umbría', 'Risaralda', 1, NULL, NULL, NULL, NULL, '0000-00-00 00:00:00', '0000-00-00 00:00:00'),
(858, 'Dos Quebradas', 'Risaralda', 1, NULL, NULL, NULL, NULL, '0000-00-00 00:00:00', '0000-00-00 00:00:00'),
(859, 'Guática', 'Risaralda', 1, NULL, NULL, NULL, NULL, '0000-00-00 00:00:00', '0000-00-00 00:00:00'),
(860, 'La Celia', 'Risaralda', 1, NULL, NULL, NULL, NULL, '0000-00-00 00:00:00', '0000-00-00 00:00:00'),
(861, 'La Virginia', 'Risaralda', 1, NULL, NULL, NULL, NULL, '0000-00-00 00:00:00', '0000-00-00 00:00:00'),
(862, 'Marsella', 'Risaralda', 1, NULL, NULL, NULL, NULL, '0000-00-00 00:00:00', '0000-00-00 00:00:00'),
(863, 'Mistrató', 'Risaralda', 1, NULL, NULL, NULL, NULL, '0000-00-00 00:00:00', '0000-00-00 00:00:00'),
(864, 'Pueblo Rico', 'Risaralda', 1, NULL, NULL, NULL, NULL, '0000-00-00 00:00:00', '0000-00-00 00:00:00'),
(865, 'Quinchia', 'Risaralda', 1, NULL, NULL, NULL, NULL, '0000-00-00 00:00:00', '0000-00-00 00:00:00'),
(866, 'Santa Rosa de Cabal', 'Risaralda', 1, NULL, NULL, NULL, NULL, '0000-00-00 00:00:00', '0000-00-00 00:00:00'),
(867, 'Santuario', 'Risaralda', 1, NULL, NULL, NULL, NULL, '0000-00-00 00:00:00', '0000-00-00 00:00:00'),
(868, 'San Andrés', 'San Andrés', 1, NULL, NULL, NULL, NULL, '0000-00-00 00:00:00', '0000-00-00 00:00:00'),
(869, 'Providencia', 'San Andrés', 1, NULL, NULL, NULL, NULL, '0000-00-00 00:00:00', '0000-00-00 00:00:00'),
(870, 'Bucaramanga', 'Santander', 1, NULL, NULL, NULL, NULL, '0000-00-00 00:00:00', '0000-00-00 00:00:00'),
(871, 'Aguada', 'Santander', 1, NULL, NULL, NULL, NULL, '0000-00-00 00:00:00', '0000-00-00 00:00:00'),
(872, 'Albania', 'Santander', 1, NULL, NULL, NULL, NULL, '0000-00-00 00:00:00', '0000-00-00 00:00:00'),
(873, 'Aratoca', 'Santander', 1, NULL, NULL, NULL, NULL, '0000-00-00 00:00:00', '0000-00-00 00:00:00'),
(874, 'Barbosa', 'Santander', 1, NULL, NULL, NULL, NULL, '0000-00-00 00:00:00', '0000-00-00 00:00:00'),
(875, 'Barichara', 'Santander', 1, NULL, NULL, NULL, NULL, '0000-00-00 00:00:00', '0000-00-00 00:00:00'),
(876, 'Barrancabermeja', 'Santander', 1, NULL, NULL, NULL, NULL, '0000-00-00 00:00:00', '0000-00-00 00:00:00'),
(877, 'Betulia', 'Santander', 1, NULL, NULL, NULL, NULL, '0000-00-00 00:00:00', '0000-00-00 00:00:00'),
(878, 'Bolívar', 'Santander', 1, NULL, NULL, NULL, NULL, '0000-00-00 00:00:00', '0000-00-00 00:00:00'),
(879, 'Cabrera', 'Santander', 1, NULL, NULL, NULL, NULL, '0000-00-00 00:00:00', '0000-00-00 00:00:00'),
(880, 'California', 'Santander', 1, NULL, NULL, NULL, NULL, '0000-00-00 00:00:00', '0000-00-00 00:00:00'),
(881, 'Capitanejo', 'Santander', 1, NULL, NULL, NULL, NULL, '0000-00-00 00:00:00', '0000-00-00 00:00:00'),
(882, 'Carcasí', 'Santander', 1, NULL, NULL, NULL, NULL, '0000-00-00 00:00:00', '0000-00-00 00:00:00'),
(883, 'Cepitá', 'Santander', 1, NULL, NULL, NULL, NULL, '0000-00-00 00:00:00', '0000-00-00 00:00:00'),
(884, 'Cerrito', 'Santander', 1, NULL, NULL, NULL, NULL, '0000-00-00 00:00:00', '0000-00-00 00:00:00'),
(885, 'Charalá', 'Santander', 1, NULL, NULL, NULL, NULL, '0000-00-00 00:00:00', '0000-00-00 00:00:00'),
(886, 'Charta', 'Santander', 1, NULL, NULL, NULL, NULL, '0000-00-00 00:00:00', '0000-00-00 00:00:00'),
(887, 'Chima', 'Santander', 1, NULL, NULL, NULL, NULL, '0000-00-00 00:00:00', '0000-00-00 00:00:00'),
(888, 'Chipatá', 'Santander', 1, NULL, NULL, NULL, NULL, '0000-00-00 00:00:00', '0000-00-00 00:00:00'),
(889, 'Cimitarra', 'Santander', 1, NULL, NULL, NULL, NULL, '0000-00-00 00:00:00', '0000-00-00 00:00:00'),
(890, 'Concepción', 'Santander', 1, NULL, NULL, NULL, NULL, '0000-00-00 00:00:00', '0000-00-00 00:00:00'),
(891, 'Confines', 'Santander', 1, NULL, NULL, NULL, NULL, '0000-00-00 00:00:00', '0000-00-00 00:00:00'),
(892, 'Contratación', 'Santander', 1, NULL, NULL, NULL, NULL, '0000-00-00 00:00:00', '0000-00-00 00:00:00'),
(893, 'Coromoro', 'Santander', 1, NULL, NULL, NULL, NULL, '0000-00-00 00:00:00', '0000-00-00 00:00:00'),
(894, 'Curití', 'Santander', 1, NULL, NULL, NULL, NULL, '0000-00-00 00:00:00', '0000-00-00 00:00:00'),
(895, 'El Carmen', 'Santander', 1, NULL, NULL, NULL, NULL, '0000-00-00 00:00:00', '0000-00-00 00:00:00'),
(896, 'El Guacamayo', 'Santander', 1, NULL, NULL, NULL, NULL, '0000-00-00 00:00:00', '0000-00-00 00:00:00'),
(897, 'El Peñón', 'Santander', 1, NULL, NULL, NULL, NULL, '0000-00-00 00:00:00', '0000-00-00 00:00:00'),
(898, 'El Playón', 'Santander', 1, NULL, NULL, NULL, NULL, '0000-00-00 00:00:00', '0000-00-00 00:00:00'),
(899, 'Encino', 'Santander', 1, NULL, NULL, NULL, NULL, '0000-00-00 00:00:00', '0000-00-00 00:00:00'),
(900, 'Enciso', 'Santander', 1, NULL, NULL, NULL, NULL, '0000-00-00 00:00:00', '0000-00-00 00:00:00'),
(901, 'Florián', 'Santander', 1, NULL, NULL, NULL, NULL, '0000-00-00 00:00:00', '0000-00-00 00:00:00'),
(902, 'Floridablanca', 'Santander', 1, NULL, NULL, NULL, NULL, '0000-00-00 00:00:00', '0000-00-00 00:00:00'),
(903, 'Galán', 'Santander', 1, NULL, NULL, NULL, NULL, '0000-00-00 00:00:00', '0000-00-00 00:00:00'),
(904, 'Gámbita', 'Santander', 1, NULL, NULL, NULL, NULL, '0000-00-00 00:00:00', '0000-00-00 00:00:00'),
(905, 'Girón', 'Santander', 1, NULL, NULL, NULL, NULL, '0000-00-00 00:00:00', '0000-00-00 00:00:00'),
(906, 'Guaca', 'Santander', 1, NULL, NULL, NULL, NULL, '0000-00-00 00:00:00', '0000-00-00 00:00:00'),
(907, 'Guadalupe', 'Santander', 1, NULL, NULL, NULL, NULL, '0000-00-00 00:00:00', '0000-00-00 00:00:00'),
(908, 'Guapotá', 'Santander', 1, NULL, NULL, NULL, NULL, '0000-00-00 00:00:00', '0000-00-00 00:00:00'),
(909, 'Guavata', 'Santander', 1, NULL, NULL, NULL, NULL, '0000-00-00 00:00:00', '0000-00-00 00:00:00'),
(910, 'Guepsa', 'Santander', 1, NULL, NULL, NULL, NULL, '0000-00-00 00:00:00', '0000-00-00 00:00:00'),
(911, 'Hato', 'Santander', 1, NULL, NULL, NULL, NULL, '0000-00-00 00:00:00', '0000-00-00 00:00:00'),
(912, 'Jesús María', 'Santander', 1, NULL, NULL, NULL, NULL, '0000-00-00 00:00:00', '0000-00-00 00:00:00'),
(913, 'Jordán', 'Santander', 1, NULL, NULL, NULL, NULL, '0000-00-00 00:00:00', '0000-00-00 00:00:00'),
(914, 'La Belleza', 'Santander', 1, NULL, NULL, NULL, NULL, '0000-00-00 00:00:00', '0000-00-00 00:00:00'),
(915, 'Landázuri', 'Santander', 1, NULL, NULL, NULL, NULL, '0000-00-00 00:00:00', '0000-00-00 00:00:00'),
(916, 'La Paz', 'Santander', 1, NULL, NULL, NULL, NULL, '0000-00-00 00:00:00', '0000-00-00 00:00:00'),
(917, 'Lebrija', 'Santander', 1, NULL, NULL, NULL, NULL, '0000-00-00 00:00:00', '0000-00-00 00:00:00'),
(918, 'Los Santos', 'Santander', 1, NULL, NULL, NULL, NULL, '0000-00-00 00:00:00', '0000-00-00 00:00:00'),
(919, 'Macaravita', 'Santander', 1, NULL, NULL, NULL, NULL, '0000-00-00 00:00:00', '0000-00-00 00:00:00'),
(920, 'Málaga', 'Santander', 1, NULL, NULL, NULL, NULL, '0000-00-00 00:00:00', '0000-00-00 00:00:00'),
(921, 'Matanza', 'Santander', 1, NULL, NULL, NULL, NULL, '0000-00-00 00:00:00', '0000-00-00 00:00:00'),
(922, 'Mogotes', 'Santander', 1, NULL, NULL, NULL, NULL, '0000-00-00 00:00:00', '0000-00-00 00:00:00'),
(923, 'Molagavita', 'Santander', 1, NULL, NULL, NULL, NULL, '0000-00-00 00:00:00', '0000-00-00 00:00:00'),
(924, 'Ocamonte', 'Santander', 1, NULL, NULL, NULL, NULL, '0000-00-00 00:00:00', '0000-00-00 00:00:00'),
(925, 'Oiba', 'Santander', 1, NULL, NULL, NULL, NULL, '0000-00-00 00:00:00', '0000-00-00 00:00:00'),
(926, 'Onzága', 'Santander', 1, NULL, NULL, NULL, NULL, '0000-00-00 00:00:00', '0000-00-00 00:00:00'),
(927, 'Palmar', 'Santander', 1, NULL, NULL, NULL, NULL, '0000-00-00 00:00:00', '0000-00-00 00:00:00'),
(928, 'Palmas del Socorro', 'Santander', 1, NULL, NULL, NULL, NULL, '0000-00-00 00:00:00', '0000-00-00 00:00:00'),
(929, 'Páramo', 'Santander', 1, NULL, NULL, NULL, NULL, '0000-00-00 00:00:00', '0000-00-00 00:00:00'),
(930, 'Pie de Cuesta', 'Santander', 1, NULL, NULL, NULL, NULL, '0000-00-00 00:00:00', '0000-00-00 00:00:00'),
(931, 'Pinchote', 'Santander', 1, NULL, NULL, NULL, NULL, '0000-00-00 00:00:00', '0000-00-00 00:00:00'),
(932, 'Puente Nacional', 'Santander', 1, NULL, NULL, NULL, NULL, '0000-00-00 00:00:00', '0000-00-00 00:00:00'),
(933, 'Puerto Parra', 'Santander', 1, NULL, NULL, NULL, NULL, '0000-00-00 00:00:00', '0000-00-00 00:00:00'),
(934, 'Puerto Wilches', 'Santander', 1, NULL, NULL, NULL, NULL, '0000-00-00 00:00:00', '0000-00-00 00:00:00'),
(935, 'Rionegro', 'Santander', 1, NULL, NULL, NULL, NULL, '0000-00-00 00:00:00', '0000-00-00 00:00:00'),
(936, 'Sabana de Torres', 'Santander', 1, NULL, NULL, NULL, NULL, '0000-00-00 00:00:00', '0000-00-00 00:00:00'),
(937, 'San Andrés', 'Santander', 1, NULL, NULL, NULL, NULL, '0000-00-00 00:00:00', '0000-00-00 00:00:00'),
(938, 'San Benito', 'Santander', 1, NULL, NULL, NULL, NULL, '0000-00-00 00:00:00', '0000-00-00 00:00:00'),
(939, 'San Gil', 'Santander', 1, NULL, NULL, NULL, NULL, '0000-00-00 00:00:00', '0000-00-00 00:00:00'),
(940, 'San Joaquín', 'Santander', 1, NULL, NULL, NULL, NULL, '0000-00-00 00:00:00', '0000-00-00 00:00:00'),
(941, 'San José de Miranda', 'Santander', 1, NULL, NULL, NULL, NULL, '0000-00-00 00:00:00', '0000-00-00 00:00:00'),
(942, 'San Miguel', 'Santander', 1, NULL, NULL, NULL, NULL, '0000-00-00 00:00:00', '0000-00-00 00:00:00'),
(943, 'San Vicente de Chucurí', 'Santander', 1, NULL, NULL, NULL, NULL, '0000-00-00 00:00:00', '0000-00-00 00:00:00'),
(944, 'Santa Bárbara', 'Santander', 1, NULL, NULL, NULL, NULL, '0000-00-00 00:00:00', '0000-00-00 00:00:00'),
(945, 'Santa Helena del Opón', 'Santander', 1, NULL, NULL, NULL, NULL, '0000-00-00 00:00:00', '0000-00-00 00:00:00'),
(946, 'Simacota', 'Santander', 1, NULL, NULL, NULL, NULL, '0000-00-00 00:00:00', '0000-00-00 00:00:00'),
(947, 'Socorro', 'Santander', 1, NULL, NULL, NULL, NULL, '0000-00-00 00:00:00', '0000-00-00 00:00:00'),
(948, 'Suaita', 'Santander', 1, NULL, NULL, NULL, NULL, '0000-00-00 00:00:00', '0000-00-00 00:00:00'),
(949, 'Sucre', 'Santander', 1, NULL, NULL, NULL, NULL, '0000-00-00 00:00:00', '0000-00-00 00:00:00'),
(950, 'Suratá', 'Santander', 1, NULL, NULL, NULL, NULL, '0000-00-00 00:00:00', '0000-00-00 00:00:00'),
(951, 'Tona', 'Santander', 1, NULL, NULL, NULL, NULL, '0000-00-00 00:00:00', '0000-00-00 00:00:00'),
(952, 'Valle de San José', 'Santander', 1, NULL, NULL, NULL, NULL, '0000-00-00 00:00:00', '0000-00-00 00:00:00'),
(953, 'Vélez', 'Santander', 1, NULL, NULL, NULL, NULL, '0000-00-00 00:00:00', '0000-00-00 00:00:00'),
(954, 'Vetas', 'Santander', 1, NULL, NULL, NULL, NULL, '0000-00-00 00:00:00', '0000-00-00 00:00:00'),
(955, 'Villanueva', 'Santander', 1, NULL, NULL, NULL, NULL, '0000-00-00 00:00:00', '0000-00-00 00:00:00'),
(956, 'Zapatoca', 'Santander', 1, NULL, NULL, NULL, NULL, '0000-00-00 00:00:00', '0000-00-00 00:00:00'),
(957, 'Sincelejo', 'Sucre', 1, NULL, NULL, NULL, NULL, '0000-00-00 00:00:00', '0000-00-00 00:00:00'),
(958, 'Buenavista', 'Sucre', 1, NULL, NULL, NULL, NULL, '0000-00-00 00:00:00', '0000-00-00 00:00:00'),
(959, 'Caimito', 'Sucre', 1, NULL, NULL, NULL, NULL, '0000-00-00 00:00:00', '0000-00-00 00:00:00'),
(960, 'Coloso (Ricaurte)', 'Sucre', 1, NULL, NULL, NULL, NULL, '0000-00-00 00:00:00', '0000-00-00 00:00:00'),
(961, 'Corozal', 'Sucre', 1, NULL, NULL, NULL, NULL, '0000-00-00 00:00:00', '0000-00-00 00:00:00'),
(962, 'Chalán', 'Sucre', 1, NULL, NULL, NULL, NULL, '0000-00-00 00:00:00', '0000-00-00 00:00:00'),
(963, 'Galeras (Nueva Granada)', 'Sucre', 1, NULL, NULL, NULL, NULL, '0000-00-00 00:00:00', '0000-00-00 00:00:00'),
(964, 'Guarandá', 'Sucre', 1, NULL, NULL, NULL, NULL, '0000-00-00 00:00:00', '0000-00-00 00:00:00'),
(965, 'La Unión', 'Sucre', 1, NULL, NULL, NULL, NULL, '0000-00-00 00:00:00', '0000-00-00 00:00:00'),
(966, 'Los Palmitos', 'Sucre', 1, NULL, NULL, NULL, NULL, '0000-00-00 00:00:00', '0000-00-00 00:00:00');
INSERT INTO `ciudades` (`id`, `ciudad`, `departamento`, `pais_id`, `created_by`, `updated_by`, `deleted_by`, `deleted_at`, `created_at`, `updated_at`) VALUES
(967, 'Majagual', 'Sucre', 1, NULL, NULL, NULL, NULL, '0000-00-00 00:00:00', '0000-00-00 00:00:00'),
(968, 'Morroa', 'Sucre', 1, NULL, NULL, NULL, NULL, '0000-00-00 00:00:00', '0000-00-00 00:00:00'),
(969, 'Ovejas', 'Sucre', 1, NULL, NULL, NULL, NULL, '0000-00-00 00:00:00', '0000-00-00 00:00:00'),
(970, 'Palmito', 'Sucre', 1, NULL, NULL, NULL, NULL, '0000-00-00 00:00:00', '0000-00-00 00:00:00'),
(971, 'Sampués', 'Sucre', 1, NULL, NULL, NULL, NULL, '0000-00-00 00:00:00', '0000-00-00 00:00:00'),
(972, 'San Benito Abad', 'Sucre', 1, NULL, NULL, NULL, NULL, '0000-00-00 00:00:00', '0000-00-00 00:00:00'),
(973, 'San Juan de Betulia', 'Sucre', 1, NULL, NULL, NULL, NULL, '0000-00-00 00:00:00', '0000-00-00 00:00:00'),
(974, 'San Marcos', 'Sucre', 1, NULL, NULL, NULL, NULL, '0000-00-00 00:00:00', '0000-00-00 00:00:00'),
(975, 'San Onofre', 'Sucre', 1, NULL, NULL, NULL, NULL, '0000-00-00 00:00:00', '0000-00-00 00:00:00'),
(976, 'San Pedro', 'Sucre', 1, NULL, NULL, NULL, NULL, '0000-00-00 00:00:00', '0000-00-00 00:00:00'),
(977, 'Sincé', 'Sucre', 1, NULL, NULL, NULL, NULL, '0000-00-00 00:00:00', '0000-00-00 00:00:00'),
(978, 'Sucre', 'Sucre', 1, NULL, NULL, NULL, NULL, '0000-00-00 00:00:00', '0000-00-00 00:00:00'),
(979, 'Tolú', 'Sucre', 1, NULL, NULL, NULL, NULL, '0000-00-00 00:00:00', '0000-00-00 00:00:00'),
(980, 'Toluviejo', 'Sucre', 1, NULL, NULL, NULL, NULL, '0000-00-00 00:00:00', '0000-00-00 00:00:00'),
(981, 'Ibagué', 'Tolima', 1, NULL, NULL, NULL, NULL, '0000-00-00 00:00:00', '0000-00-00 00:00:00'),
(982, 'Alpujarra', 'Tolima', 1, NULL, NULL, NULL, NULL, '0000-00-00 00:00:00', '0000-00-00 00:00:00'),
(983, 'Alvarado', 'Tolima', 1, NULL, NULL, NULL, NULL, '0000-00-00 00:00:00', '0000-00-00 00:00:00'),
(984, 'Ambalema', 'Tolima', 1, NULL, NULL, NULL, NULL, '0000-00-00 00:00:00', '0000-00-00 00:00:00'),
(985, 'Anzóategui', 'Tolima', 1, NULL, NULL, NULL, NULL, '0000-00-00 00:00:00', '0000-00-00 00:00:00'),
(986, 'Armero (Guayabal)', 'Tolima', 1, NULL, NULL, NULL, NULL, '0000-00-00 00:00:00', '0000-00-00 00:00:00'),
(987, 'Ataco', 'Tolima', 1, NULL, NULL, NULL, NULL, '0000-00-00 00:00:00', '0000-00-00 00:00:00'),
(988, 'Cajamarca', 'Tolima', 1, NULL, NULL, NULL, NULL, '0000-00-00 00:00:00', '0000-00-00 00:00:00'),
(989, 'Carmen de Apicalá', 'Tolima', 1, NULL, NULL, NULL, NULL, '0000-00-00 00:00:00', '0000-00-00 00:00:00'),
(990, 'Casabianca', 'Tolima', 1, NULL, NULL, NULL, NULL, '0000-00-00 00:00:00', '0000-00-00 00:00:00'),
(991, 'Chaparral', 'Tolima', 1, NULL, NULL, NULL, NULL, '0000-00-00 00:00:00', '0000-00-00 00:00:00'),
(992, 'Coello', 'Tolima', 1, NULL, NULL, NULL, NULL, '0000-00-00 00:00:00', '0000-00-00 00:00:00'),
(993, 'Coyaima', 'Tolima', 1, NULL, NULL, NULL, NULL, '0000-00-00 00:00:00', '0000-00-00 00:00:00'),
(994, 'Cunday', 'Tolima', 1, NULL, NULL, NULL, NULL, '0000-00-00 00:00:00', '0000-00-00 00:00:00'),
(995, 'Dolores', 'Tolima', 1, NULL, NULL, NULL, NULL, '0000-00-00 00:00:00', '0000-00-00 00:00:00'),
(996, 'Espinal', 'Tolima', 1, NULL, NULL, NULL, NULL, '0000-00-00 00:00:00', '0000-00-00 00:00:00'),
(997, 'Falán', 'Tolima', 1, NULL, NULL, NULL, NULL, '0000-00-00 00:00:00', '0000-00-00 00:00:00'),
(998, 'Flandes', 'Tolima', 1, NULL, NULL, NULL, NULL, '0000-00-00 00:00:00', '0000-00-00 00:00:00'),
(999, 'Fresno', 'Tolima', 1, NULL, NULL, NULL, NULL, '0000-00-00 00:00:00', '0000-00-00 00:00:00'),
(1000, 'Guamo', 'Tolima', 1, NULL, NULL, NULL, NULL, '0000-00-00 00:00:00', '0000-00-00 00:00:00'),
(1001, 'Herveo', 'Tolima', 1, NULL, NULL, NULL, NULL, '0000-00-00 00:00:00', '0000-00-00 00:00:00'),
(1002, 'Honda', 'Tolima', 1, NULL, NULL, NULL, NULL, '0000-00-00 00:00:00', '0000-00-00 00:00:00'),
(1003, 'Icononzo', 'Tolima', 1, NULL, NULL, NULL, NULL, '0000-00-00 00:00:00', '0000-00-00 00:00:00'),
(1004, 'Lérida', 'Tolima', 1, NULL, NULL, NULL, NULL, '0000-00-00 00:00:00', '0000-00-00 00:00:00'),
(1005, 'Líbano', 'Tolima', 1, NULL, NULL, NULL, NULL, '0000-00-00 00:00:00', '0000-00-00 00:00:00'),
(1006, 'Mariquita', 'Tolima', 1, NULL, NULL, NULL, NULL, '0000-00-00 00:00:00', '0000-00-00 00:00:00'),
(1007, 'Melgar', 'Tolima', 1, NULL, NULL, NULL, NULL, '0000-00-00 00:00:00', '0000-00-00 00:00:00'),
(1008, 'Murillo', 'Tolima', 1, NULL, NULL, NULL, NULL, '0000-00-00 00:00:00', '0000-00-00 00:00:00'),
(1009, 'Natagaima', 'Tolima', 1, NULL, NULL, NULL, NULL, '0000-00-00 00:00:00', '0000-00-00 00:00:00'),
(1010, 'Ortega', 'Tolima', 1, NULL, NULL, NULL, NULL, '0000-00-00 00:00:00', '0000-00-00 00:00:00'),
(1011, 'Palocabildo', 'Tolima', 1, NULL, NULL, NULL, NULL, '0000-00-00 00:00:00', '0000-00-00 00:00:00'),
(1012, 'Piedras', 'Tolima', 1, NULL, NULL, NULL, NULL, '0000-00-00 00:00:00', '0000-00-00 00:00:00'),
(1013, 'Planadas', 'Tolima', 1, NULL, NULL, NULL, NULL, '0000-00-00 00:00:00', '0000-00-00 00:00:00'),
(1014, 'Prado', 'Tolima', 1, NULL, NULL, NULL, NULL, '0000-00-00 00:00:00', '0000-00-00 00:00:00'),
(1015, 'Purificación', 'Tolima', 1, NULL, NULL, NULL, NULL, '0000-00-00 00:00:00', '0000-00-00 00:00:00'),
(1016, 'Rioblanco', 'Tolima', 1, NULL, NULL, NULL, NULL, '0000-00-00 00:00:00', '0000-00-00 00:00:00'),
(1017, 'Roncesvalles', 'Tolima', 1, NULL, NULL, NULL, NULL, '0000-00-00 00:00:00', '0000-00-00 00:00:00'),
(1018, 'Rovira', 'Tolima', 1, NULL, NULL, NULL, NULL, '0000-00-00 00:00:00', '0000-00-00 00:00:00'),
(1019, 'Saldaña', 'Tolima', 1, NULL, NULL, NULL, NULL, '0000-00-00 00:00:00', '0000-00-00 00:00:00'),
(1020, 'San Antonio', 'Tolima', 1, NULL, NULL, NULL, NULL, '0000-00-00 00:00:00', '0000-00-00 00:00:00'),
(1021, 'San Luis', 'Tolima', 1, NULL, NULL, NULL, NULL, '0000-00-00 00:00:00', '0000-00-00 00:00:00'),
(1022, 'Santa Isabel', 'Tolima', 1, NULL, NULL, NULL, NULL, '0000-00-00 00:00:00', '0000-00-00 00:00:00'),
(1023, 'Suárez', 'Tolima', 1, NULL, NULL, NULL, NULL, '0000-00-00 00:00:00', '0000-00-00 00:00:00'),
(1024, 'Valle de San Juan', 'Tolima', 1, NULL, NULL, NULL, NULL, '0000-00-00 00:00:00', '0000-00-00 00:00:00'),
(1025, 'Venadillo', 'Tolima', 1, NULL, NULL, NULL, NULL, '0000-00-00 00:00:00', '0000-00-00 00:00:00'),
(1026, 'Villahermosa', 'Tolima', 1, NULL, NULL, NULL, NULL, '0000-00-00 00:00:00', '0000-00-00 00:00:00'),
(1027, 'Villarrica', 'Tolima', 1, NULL, NULL, NULL, NULL, '0000-00-00 00:00:00', '0000-00-00 00:00:00'),
(1028, 'Cali', 'Valle', 1, NULL, NULL, NULL, NULL, '0000-00-00 00:00:00', '0000-00-00 00:00:00'),
(1029, 'Alcalá', 'Valle', 1, NULL, NULL, NULL, NULL, '0000-00-00 00:00:00', '0000-00-00 00:00:00'),
(1030, 'Andalucía', 'Valle', 1, NULL, NULL, NULL, NULL, '0000-00-00 00:00:00', '0000-00-00 00:00:00'),
(1031, 'Ansermanuevo', 'Valle', 1, NULL, NULL, NULL, NULL, '0000-00-00 00:00:00', '0000-00-00 00:00:00'),
(1032, 'Argelia', 'Valle', 1, NULL, NULL, NULL, NULL, '0000-00-00 00:00:00', '0000-00-00 00:00:00'),
(1033, 'Bolívar', 'Valle', 1, NULL, NULL, NULL, NULL, '0000-00-00 00:00:00', '0000-00-00 00:00:00'),
(1034, 'Buenaventura', 'Valle', 1, NULL, NULL, NULL, NULL, '0000-00-00 00:00:00', '0000-00-00 00:00:00'),
(1035, 'Buga', 'Valle', 1, NULL, NULL, NULL, NULL, '0000-00-00 00:00:00', '0000-00-00 00:00:00'),
(1036, 'Bugalagrande', 'Valle', 1, NULL, NULL, NULL, NULL, '0000-00-00 00:00:00', '0000-00-00 00:00:00'),
(1037, 'Caicedonia', 'Valle', 1, NULL, NULL, NULL, NULL, '0000-00-00 00:00:00', '0000-00-00 00:00:00'),
(1038, 'Calima (Darién)', 'Valle', 1, NULL, NULL, NULL, NULL, '0000-00-00 00:00:00', '0000-00-00 00:00:00'),
(1039, 'Candelaria', 'Valle', 1, NULL, NULL, NULL, NULL, '0000-00-00 00:00:00', '0000-00-00 00:00:00'),
(1040, 'Cartago', 'Valle', 1, NULL, NULL, NULL, NULL, '0000-00-00 00:00:00', '0000-00-00 00:00:00'),
(1041, 'Dagua', 'Valle', 1, NULL, NULL, NULL, NULL, '0000-00-00 00:00:00', '0000-00-00 00:00:00'),
(1042, 'El Águila', 'Valle', 1, NULL, NULL, NULL, NULL, '0000-00-00 00:00:00', '0000-00-00 00:00:00'),
(1043, 'El Cairo', 'Valle', 1, NULL, NULL, NULL, NULL, '0000-00-00 00:00:00', '0000-00-00 00:00:00'),
(1044, 'El Cerrito', 'Valle', 1, NULL, NULL, NULL, NULL, '0000-00-00 00:00:00', '0000-00-00 00:00:00'),
(1045, 'El Dovio', 'Valle', 1, NULL, NULL, NULL, NULL, '0000-00-00 00:00:00', '0000-00-00 00:00:00'),
(1046, 'Florida', 'Valle', 1, NULL, NULL, NULL, NULL, '0000-00-00 00:00:00', '0000-00-00 00:00:00'),
(1047, 'Ginebra', 'Valle', 1, NULL, NULL, NULL, NULL, '0000-00-00 00:00:00', '0000-00-00 00:00:00'),
(1048, 'Guacarí', 'Valle', 1, NULL, NULL, NULL, NULL, '0000-00-00 00:00:00', '0000-00-00 00:00:00'),
(1049, 'Jamundí', 'Valle', 1, NULL, NULL, NULL, NULL, '0000-00-00 00:00:00', '0000-00-00 00:00:00'),
(1050, 'La Cumbre', 'Valle', 1, NULL, NULL, NULL, NULL, '0000-00-00 00:00:00', '0000-00-00 00:00:00'),
(1051, 'La Unión', 'Valle', 1, NULL, NULL, NULL, NULL, '0000-00-00 00:00:00', '0000-00-00 00:00:00'),
(1052, 'La Victoria', 'Valle', 1, NULL, NULL, NULL, NULL, '0000-00-00 00:00:00', '0000-00-00 00:00:00'),
(1053, 'Obando', 'Valle', 1, NULL, NULL, NULL, NULL, '0000-00-00 00:00:00', '0000-00-00 00:00:00'),
(1054, 'Palmira', 'Valle', 1, NULL, NULL, NULL, NULL, '0000-00-00 00:00:00', '0000-00-00 00:00:00'),
(1055, 'Pradera', 'Valle', 1, NULL, NULL, NULL, NULL, '0000-00-00 00:00:00', '0000-00-00 00:00:00'),
(1056, 'Restrepo', 'Valle', 1, NULL, NULL, NULL, NULL, '0000-00-00 00:00:00', '0000-00-00 00:00:00'),
(1057, 'Riofrío', 'Valle', 1, NULL, NULL, NULL, NULL, '0000-00-00 00:00:00', '0000-00-00 00:00:00'),
(1058, 'Roldanillo', 'Valle', 1, NULL, NULL, NULL, NULL, '0000-00-00 00:00:00', '0000-00-00 00:00:00'),
(1059, 'San Pedro', 'Valle', 1, NULL, NULL, NULL, NULL, '0000-00-00 00:00:00', '0000-00-00 00:00:00'),
(1060, 'Sevilla', 'Valle', 1, NULL, NULL, NULL, NULL, '0000-00-00 00:00:00', '0000-00-00 00:00:00'),
(1061, 'Toro', 'Valle', 1, NULL, NULL, NULL, NULL, '0000-00-00 00:00:00', '0000-00-00 00:00:00'),
(1062, 'Trujillo', 'Valle', 1, NULL, NULL, NULL, NULL, '0000-00-00 00:00:00', '0000-00-00 00:00:00'),
(1063, 'Tuluá', 'Valle', 1, NULL, NULL, NULL, NULL, '0000-00-00 00:00:00', '0000-00-00 00:00:00'),
(1064, 'Ulloa', 'Valle', 1, NULL, NULL, NULL, NULL, '0000-00-00 00:00:00', '0000-00-00 00:00:00'),
(1065, 'Versalles', 'Valle', 1, NULL, NULL, NULL, NULL, '0000-00-00 00:00:00', '0000-00-00 00:00:00'),
(1066, 'Vijes', 'Valle', 1, NULL, NULL, NULL, NULL, '0000-00-00 00:00:00', '0000-00-00 00:00:00'),
(1067, 'Yotoco', 'Valle', 1, NULL, NULL, NULL, NULL, '0000-00-00 00:00:00', '0000-00-00 00:00:00'),
(1068, 'Yumbo', 'Valle', 1, NULL, NULL, NULL, NULL, '0000-00-00 00:00:00', '0000-00-00 00:00:00'),
(1069, 'Zarzal', 'Valle', 1, NULL, NULL, NULL, NULL, '0000-00-00 00:00:00', '0000-00-00 00:00:00'),
(1070, 'Mitú', 'Vaupés', 1, NULL, NULL, NULL, NULL, '0000-00-00 00:00:00', '0000-00-00 00:00:00'),
(1071, 'Carurú', 'Vaupés', 1, NULL, NULL, NULL, NULL, '0000-00-00 00:00:00', '0000-00-00 00:00:00'),
(1072, 'Tatamá', 'Vaupés', 1, NULL, NULL, NULL, NULL, '0000-00-00 00:00:00', '0000-00-00 00:00:00'),
(1073, 'Puerto Carreño', 'Vichada', 1, NULL, NULL, NULL, NULL, '0000-00-00 00:00:00', '0000-00-00 00:00:00'),
(1074, 'La Primavera', 'Vichada', 1, NULL, NULL, NULL, NULL, '0000-00-00 00:00:00', '0000-00-00 00:00:00'),
(1075, 'Santa Rosalia', 'Vichada', 1, NULL, NULL, NULL, NULL, '0000-00-00 00:00:00', '0000-00-00 00:00:00'),
(1076, 'Cumaribo', 'Vichada', 1, NULL, NULL, NULL, NULL, '0000-00-00 00:00:00', '0000-00-00 00:00:00');

--
-- Volcado de datos para la tabla `config_certificados`
--

INSERT INTO `config_certificados` (`id`, `nombre`, `encabezado_img_id`, `encabezado_width`, `encabezado_height`, `encabezado_margin_top`, `encabezado_margin_left`, `encabezado_solo_primera_pagina`, `piepagina_img_id`, `piepagina_width`, `piepagina_height`, `piepagina_margin_bottom`, `piepagina_margin_left`, `piepagina_solo_ultima_pagina`, `created_by`, `updated_by`, `created_at`, `updated_at`) VALUES
(1, 'Certificado principal', 545, 0, 0, 100, 80, 0, 637, 0, 90, 0, 0, 0, 1, NULL, '2016-02-23 05:03:06', '2017-03-01 20:59:37');

--
-- Volcado de datos para la tabla `contratos`
--

--
-- Volcado de datos para la tabla `frases_asignatura`
--

--
-- Volcado de datos para la tabla `grados`
--

INSERT INTO `grados` (`id`, `nombre`, `abrev`, `orden`, `nivel_educativo_id`, `created_by`, `updated_by`, `deleted_by`, `deleted_at`, `created_at`, `updated_at`) VALUES
(1, 'Prejardín', 'Prej', 1, 1, NULL, NULL, NULL, NULL, '2015-03-07 03:22:15', '2015-03-07 03:22:15'),
(2, 'Jardín', 'Jar', 2, 1, NULL, NULL, NULL, NULL, '2015-03-07 03:22:16', '2015-03-07 03:22:16'),
(3, 'Preescolar', 'Pree', 3, 1, NULL, NULL, NULL, NULL, '2015-03-07 03:22:16', '2015-03-07 03:22:16'),
(4, 'Kínder', 'Kin', 4, 1, NULL, NULL, NULL, NULL, '2015-03-07 03:22:16', '2015-03-07 03:22:16'),
(5, 'Transición', 'Tra', 5, 1, NULL, NULL, NULL, NULL, '2015-03-07 03:22:16', '2015-03-07 03:22:16'),
(6, 'Primero', '1', 6, 2, NULL, NULL, NULL, NULL, '2015-03-07 03:22:16', '2015-03-07 03:22:16'),
(7, 'Segundo', '2', 7, 2, NULL, NULL, NULL, NULL, '2015-03-07 03:22:16', '2015-03-07 03:22:16'),
(8, 'Tercero', '3', 8, 2, NULL, NULL, NULL, NULL, '2015-03-07 03:22:16', '2015-03-07 03:22:16'),
(9, 'Cuarto', '4', 9, 2, NULL, NULL, NULL, NULL, '2015-03-07 03:22:16', '2015-03-07 03:22:16'),
(10, 'Quinto', '5', 10, 2, NULL, NULL, NULL, NULL, '2015-03-07 03:22:16', '2015-03-07 03:22:16'),
(11, 'Sexto', '6', 11, 3, NULL, NULL, NULL, NULL, '2015-03-07 03:22:16', '2015-03-07 03:22:16'),
(12, 'Séptimo', '7', 12, 3, NULL, NULL, NULL, NULL, '2015-03-07 03:22:16', '2015-03-07 03:22:16'),
(13, 'Octavo', '8', 13, 3, NULL, NULL, NULL, NULL, '2015-03-07 03:22:16', '2015-03-07 03:22:16'),
(14, 'Noveno', '9', 14, 3, NULL, NULL, NULL, NULL, '2015-03-07 03:22:16', '2015-03-07 03:22:16'),
(15, 'Décimo', '10', 15, 4, NULL, NULL, NULL, NULL, '2015-03-07 03:22:16', '2015-03-07 03:22:16'),
(16, 'Once', '11', 16, 4, NULL, NULL, NULL, NULL, '2015-03-07 03:22:16', '2015-03-07 03:22:16');

--
-- Volcado de datos para la tabla `grupos`
--

INSERT INTO `grupos` (`id`, `nombre`, `abrev`, `year_id`, `titular_id`, `grado_id`, `valormatricula`, `valorpension`, `orden`, `caritas`, `created_by`, `updated_by`, `deleted_by`, `deleted_at`, `created_at`, `updated_at`) VALUES
(1, 'Prejardín', 'Prej', 1, NULL, 1, NULL, NULL, 1, 0, NULL, NULL, NULL, NULL, '2015-03-07 03:22:27', '2015-03-09 07:14:13'),
(2, 'Jardín', 'Jar', 1, NULL, 2, NULL, NULL, 2, 0, NULL, NULL, NULL, NULL, '2015-03-07 03:22:27', '2015-03-09 17:15:09'),
(3, 'Transición', 'Tra', 1, NULL, 5, NULL, NULL, 3, 0, NULL, NULL, NULL, NULL, '2015-03-07 03:22:27', '2015-03-09 07:14:50'),
(4, 'Primero', '1', 1, NULL, 6, NULL, NULL, 4, 0, NULL, NULL, NULL, NULL, '2015-03-07 03:22:27', '2015-03-09 17:15:20'),
(5, 'Segundo', '2', 1, NULL, 7, NULL, NULL, 4, 0, NULL, NULL, NULL, NULL, '2015-03-07 03:22:27', '2015-03-09 17:15:20'),
(6, 'Tercero', '3', 1, NULL, 8, NULL, NULL, 6, 0, NULL, NULL, NULL, NULL, '2015-03-07 03:22:27', '2015-03-09 17:15:39'),
(7, 'Cuarto', '4', 1, NULL, 9, NULL, NULL, 7, 0, NULL, NULL, NULL, NULL, '2015-03-07 03:22:27', '2015-03-09 17:15:50'),
(8, 'Quinto', '5', 1, NULL, 10, NULL, NULL, 8, 0, NULL, NULL, NULL, NULL, '2015-03-07 03:22:27', '2015-03-09 17:16:41'),
(9, 'Sexto', '6', 1, NULL, 11, NULL, NULL, 9, 0, NULL, NULL, NULL, NULL, '2015-03-07 03:22:27', '2015-03-09 17:16:48'),
(10, 'Séptimo', '7', 1, NULL, 12, NULL, NULL, 10, 0, NULL, NULL, NULL, NULL, '2015-03-07 03:22:27', '2015-03-09 17:16:59'),
(11, 'Octavo', '8', 1, NULL, 13, NULL, NULL, 11, 0, NULL, NULL, NULL, NULL, '2015-03-07 03:22:27', '2015-03-09 07:14:57'),
(12, 'Noveno', '9', 1, NULL, 14, NULL, NULL, 12, 0, NULL, NULL, NULL, NULL, '2015-03-07 03:22:27', '2015-03-09 17:17:16'),
(13, 'Décimo', '10', 1, NULL, 15, NULL, NULL, 13, 0, NULL, NULL, NULL, NULL, '2015-03-07 03:22:27', '2015-03-09 17:17:32'),
(14, 'Once', '11', 1, NULL, 16, NULL, NULL, 14, 0, NULL, NULL, NULL, NULL, '2015-03-07 03:22:27', '2015-03-09 17:17:44');

--
-- Volcado de datos para la tabla `images`
--

INSERT INTO `images` (`id`, `nombre`, `user_id`, `publica`, `created_by`, `updated_by`, `deleted_by`, `deleted_at`, `created_at`, `updated_at`) VALUES
(1, 'default_male.jpg', NULL, NULL, NULL, NULL, NULL, NULL, '2015-03-07 03:21:45', '2015-03-07 03:21:45'),
(2, 'default_female.jpg', NULL, NULL, NULL, NULL, NULL, NULL, '2015-03-07 03:21:45', '2015-03-07 03:21:45');


INSERT INTO `materias` (`id`, `materia`, `alias`, `area_id`, `orden`, `created_by`, `updated_by`, `deleted_by`, `deleted_at`, `created_at`, `updated_at`) VALUES
(1, 'FÍSICA', 'FIS', 3, NULL, NULL, NULL, NULL, NULL, '2015-03-09 07:18:43', '2015-03-09 07:18:43'),
(2, 'RELIGIÓN Y ESCAUTISMO', 'REL', 1, NULL, NULL, NULL, NULL, NULL, '2015-03-09 07:18:59', '2015-03-09 07:19:17'),
(3, 'INVESTIGACIÓN', 'INV', 8, NULL, NULL, NULL, NULL, NULL, '2015-03-09 17:59:48', '2015-03-09 17:59:48'),
(4, 'CIENCIAS ECONÓMICAS', 'ECO', 9, NULL, NULL, NULL, NULL, NULL, '2015-03-10 01:00:57', '2015-03-10 01:25:34'),
(5, 'CIENCIAS NATURALES  Y EDUCACIÓN AMBIENTAL', 'NAT', 3, NULL, NULL, NULL, NULL, NULL, '2015-03-10 01:01:14', '2015-03-10 01:01:14'),
(6, 'CIENCIAS SOCIALES, HISTORIA GEOGRAFÍA, CONSTITUCIÓN, POLÍTICA Y DEMOCRACIA', 'SOC', 5, NULL, NULL, NULL, NULL, NULL, '2015-03-10 01:01:30', '2015-03-10 01:01:30'),
(7, 'EDUCACION ARTÍSTICA', 'ART', 6, NULL, NULL, NULL, NULL, NULL, '2015-03-10 01:01:49', '2015-03-10 01:01:49'),
(8, 'EDUCACION FISICA, RECREACION Y DEPORTES', 'EdF', 7, NULL, NULL, NULL, NULL, NULL, '2015-03-10 01:02:33', '2015-03-10 01:02:33'),
(9, 'EDUCACIÓN ÉTICA Y EN VALORES HUMANOS', 'ETI', 10, NULL, NULL, NULL, NULL, NULL, '2015-03-10 01:03:10', '2015-03-10 01:03:10'),
(10, 'FILOSOFÍA', 'FIL', 4, NULL, NULL, NULL, NULL, NULL, '2015-03-10 01:03:22', '2015-03-10 01:03:22'),
(11, 'LENGUA CASTELLANA', 'ESP', 11, NULL, NULL, NULL, NULL, NULL, '2015-03-10 01:04:37', '2015-03-10 01:04:37'),
(12, 'TECNOLOGÍA E INFORMÁTICA', 'INF', 12, NULL, NULL, NULL, NULL, NULL, '2015-03-10 01:05:17', '2015-03-10 01:05:17'),
(13, 'INGLÉS', 'ING', 11, NULL, NULL, NULL, NULL, NULL, '2015-03-10 01:06:01', '2015-03-10 01:06:01'),
(14, 'TALLER DE LECTURA', 'TLEC', 11, NULL, NULL, NULL, NULL, NULL, '2015-03-10 01:06:20', '2015-03-10 01:06:20'),
(15, 'MATEMÁTICAS', 'MAT', 2, NULL, NULL, NULL, NULL, NULL, '2015-03-10 01:06:38', '2015-03-10 01:06:38'),
(16, 'INFORMÁTICA Y HARDWARE', 'INF', 12, NULL, NULL, NULL, NULL, NULL, '2015-03-10 01:07:09', '2015-03-10 01:07:09'),
(17, 'PROGRAMACIÓN', 'PRO', 12, NULL, NULL, NULL, NULL, NULL, '2015-03-10 01:08:24', '2015-03-10 01:08:24'),
(18, 'CIENCIAS POLÍTICAS CONSTITUCIÓN Y DEMOCRÁCIA', 'POL', 9, NULL, NULL, NULL, NULL, NULL, '2015-03-10 01:25:14', '2015-03-10 01:25:14'),
(19, 'QUÍMICA', 'QUI', 3, NULL, NULL, NULL, NULL, NULL, '2015-03-10 01:26:08', '2015-03-10 01:26:08'),
(20, 'CONTABILIDAD', 'CON', 12, NULL, NULL, NULL, NULL, NULL, '2015-03-10 01:27:07', '2015-03-10 01:27:07'),
(21, 'EDUCACIÓN RELIGIOSA', 'REL', 1, NULL, NULL, NULL, NULL, NULL, '2015-03-10 03:38:44', '2015-03-10 03:38:44'),
(22, 'CIENCIAS POLÍTICAS, DEMOCRACIA Y PAZ', 'POL', 9, NULL, NULL, NULL, NULL, NULL, '2015-03-10 18:34:13', '2015-03-10 18:34:13'),
(23, 'DIMENSIÓN COGNITIVA', 'COG', 16, NULL, NULL, NULL, NULL, NULL, '2015-03-12 04:52:27', '2015-03-12 04:52:27'),
(24, 'DIMENSIÓN SOCIOAFECTIVA', 'SOCAF', 17, NULL, NULL, NULL, NULL, NULL, '2015-03-12 04:53:03', '2015-03-12 04:53:03'),
(25, 'DIMENSIÓN CORPORAL', 'CORP', 18, NULL, NULL, NULL, NULL, NULL, '2015-03-12 04:53:28', '2015-03-12 04:53:28'),
(26, 'DIMENSION COMUNICATIVA', 'COMU', 19, NULL, NULL, NULL, NULL, NULL, '2015-03-12 04:53:54', '2015-03-12 04:53:54'),
(27, 'DIMENSIÓN ESPIRITUAL, ÉTICA Y VALORES', 'ESPI', 13, NULL, NULL, NULL, NULL, NULL, '2015-03-12 04:55:21', '2015-03-12 04:55:21'),
(28, 'DIMENSIÓN ESTÉTICA', 'MOTR', 14, NULL, NULL, NULL, NULL, NULL, '2015-03-12 06:47:44', '2017-05-26 15:39:37'),
(29, 'BIOLOGÍA', 'BIO', 3, NULL, NULL, NULL, NULL, NULL, '2015-03-13 23:34:29', '2015-03-13 23:34:29'),
(30, 'HARDWARE', 'HARD', 12, NULL, NULL, NULL, NULL, NULL, '2016-02-03 03:23:58', '2016-02-03 03:26:05'),
(31, 'ESCAUTISMO', 'ESCA', 1, NULL, NULL, NULL, NULL, NULL, '2017-02-20 23:08:59', '2017-03-10 17:39:22'),
(32, 'CATEDRA DE LA PAZ', 'PAZ', 1, NULL, NULL, NULL, NULL, NULL, '2017-02-20 23:08:59', '2017-03-10 17:39:22');

--
-- Volcado de datos para la tabla `matriculas`
--

--
-- Volcado de datos para la tabla `niveles_educativos`
--

INSERT INTO `niveles_educativos` (`id`, `nombre`, `abrev`, `orden`, `created_by`, `updated_by`, `deleted_by`, `deleted_at`, `created_at`, `updated_at`) VALUES
(1, 'Educación Preescolar', 'Preescolar', 1, NULL, NULL, NULL, NULL, '2015-03-07 03:21:59', '2015-03-07 03:21:59'),
(2, 'Educación Básica Primaria', 'Primaria', 2, NULL, NULL, NULL, NULL, '2015-03-07 03:21:59', '2015-03-07 03:21:59'),
(3, 'Educación Básica Secundaria', 'Secundaria', 3, NULL, NULL, NULL, NULL, '2015-03-07 03:21:59', '2015-03-07 03:21:59'),
(4, 'Educación Media', 'Media', 4, NULL, NULL, NULL, NULL, '2015-03-07 03:21:59', '2015-03-07 03:21:59');

--
-- Volcado de datos para la tabla `notas`
--

--
-- Volcado de datos para la tabla `paises`
--

INSERT INTO `paises` (`id`, `pais`, `abrev`, `created_by`, `updated_by`, `deleted_by`, `deleted_at`, `created_at`, `updated_at`) VALUES
(1, 'COLOMBIA', 'CO', NULL, NULL, NULL, NULL, '2015-03-13 09:35:57', '2015-03-13 09:35:57'),
(2, 'VENEZUELA', 'VE', NULL, NULL, NULL, NULL, '2015-03-13 09:35:57', '2015-03-13 09:35:57');

--
-- Volcado de datos para la tabla `periodos`
--

INSERT INTO `periodos` (`id`, `numero`, `fecha_inicio`, `fecha_fin`, `actual`, `year_id`, `fecha_plazo`, `created_by`, `updated_by`, `deleted_by`, `deleted_at`, `created_at`, `updated_at`) VALUES
(1, 1, '2018-01-20', '2018-03-30', 1, 1, '2018-03-15', NULL, NULL, NULL, NULL, '2015-03-07 03:11:45', '2015-09-11 13:18:55'),
(2, 2, '2018-03-30', NULL, 0, 1, NULL, NULL, NULL, NULL, NULL, '2015-05-19 02:03:33', '2015-09-11 13:18:55'),
(3, 3, '2018-06-01', NULL, 0, 1, NULL, NULL, NULL, NULL, NULL, '2015-06-02 21:57:04', '2015-09-11 13:18:55'),
(4, 4, '2018-08-09', NULL, 0, 1, NULL, NULL, NULL, NULL, NULL, '2015-06-04 15:39:41', '2015-09-11 13:18:55');


--
-- Volcado de datos para la tabla `permissions`
--

INSERT INTO `permissions` (`id`, `name`, `display_name`, `description`, `deleted_at`, `created_at`, `updated_at`) VALUES
(1, 'can_work_like_teacher', 'Puede ver actuar como profesor', 'Interactúa en la plataforma como un profesor', NULL, '2015-03-07 03:19:53', '2015-03-07 03:19:53'),
(2, 'can_work_like_student', 'Puede ver actuar como estudiante', 'Interactúa en la plataforma como un estudiante', NULL, '2015-03-07 03:19:53', '2015-03-07 03:19:53'),
(3, 'can_work_like_acudiente', 'Puede ver actuar como acudiente', 'Interactúa en la plataforma como un acudiente', NULL, '2015-03-07 03:19:53', '2015-03-07 03:19:53'),
(4, 'can_accept_images', 'Puede aceptar o rechazar imágenes', 'Puede aceptar o rechazar imágenes propuestas para foto oficial o imagen de usuario', NULL, '2015-03-07 03:19:53', '2015-03-07 03:19:53'),
(5, 'can_edit_alumnos', 'can_edit_alumnos', 'can_edit_alumnos', NULL, '2015-03-07 03:19:53', '2015-03-07 03:19:53'),
(6, 'can_edit_usuarios', 'can_edit_usuarios', 'can_edit_usuarios', NULL, '2015-03-07 03:19:53', '2015-03-07 03:19:53'),
(7, 'can_edit_notas', 'can_edit_notas', 'can_edit_notas', NULL, '2015-03-07 03:19:53', '2015-03-07 03:19:53'),
(8, 'can_edit_years', 'can_edit_years', 'can_edit_years', NULL, '2015-03-07 03:19:53', '2015-03-07 03:19:53'),
(9, 'can_edit_periodos', 'can_edit_periodos', 'can_edit_periodos', NULL, '2015-03-07 03:19:53', '2015-03-07 03:19:53'),
(10, 'can_edit_paises', 'can_edit_paises', 'can_edit_paises', NULL, '2015-03-07 03:19:53', '2015-03-07 03:19:53'),
(11, 'can_edit_ciudades', 'can_edit_ciudades', 'can_edit_ciudades', NULL, '2015-03-07 03:19:53', '2015-03-07 03:19:53'),
(12, 'can_edit_disciplinas', 'can_edit_disciplinas', 'can_edit_disciplinas', NULL, '2015-03-07 03:19:53', '2015-03-07 03:19:53'),
(13, 'can_edit_profesores', 'can_edit_profesores', 'can_edit_profesores', NULL, '2015-03-07 03:19:53', '2015-03-07 03:19:53'),
(14, 'can_edit_eventos', 'can_edit_eventos', 'can_edit_eventos', NULL, '2015-03-07 03:19:53', '2015-03-07 03:19:53'),
(15, 'can_edit_votaciones', 'can_edit_votaciones', 'can_edit_votaciones', NULL, '2015-03-07 03:19:53', '2015-03-07 03:19:53'),
(16, 'can_edit_aspiraciones', 'can_edit_aspiraciones', 'can_edit_aspiraciones', NULL, '2015-03-07 03:19:53', '2015-03-07 03:19:53'),
(17, 'can_edit_participantes', 'can_edit_participantes', 'can_edit_participantes', NULL, '2015-03-07 03:19:53', '2015-03-07 03:19:53'),
(18, 'can_edit_candidatos', 'can_edit_candidatos', 'can_edit_candidatos', NULL, '2015-03-07 03:19:53', '2015-03-07 03:19:53'),
(19, 'can_edit_unidades_subunidades', 'can_edit_unidades_subunidades', 'can_edit_unidades_subunidades', NULL, '2015-03-07 03:19:53', '2015-03-07 03:19:53');

--
-- Volcado de datos para la tabla `permission_role`
--

INSERT INTO `permission_role` (`permission_id`, `role_id`) VALUES
(1, 2),
(2, 3),
(3, 4),
(4, 5),
(5, 5),
(6, 5),
(7, 5),
(8, 5),
(9, 5),
(10, 5),
(11, 5),
(12, 5),
(13, 5),
(14, 5),
(15, 5),
(16, 5),
(17, 5),
(18, 5),
(19, 5);

--
-- Volcado de datos para la tabla `roles`
--

INSERT INTO `roles` (`id`, `name`, `created_by`, `updated_by`, `deleted_by`, `display_name`, `description`, `deleted_at`, `created_at`, `updated_at`) VALUES
(1, 'Admin', NULL, NULL, NULL, NULL, NULL, NULL, '2015-03-07 03:19:53', '2015-03-07 03:19:53'),
(2, 'Profesor', NULL, NULL, NULL, NULL, NULL, NULL, '2015-03-07 03:19:53', '2015-03-07 03:19:53'),
(3, 'Alumno', NULL, NULL, NULL, NULL, NULL, NULL, '2015-03-07 03:19:53', '2015-03-07 03:19:53'),
(4, 'Acudiente', NULL, NULL, NULL, NULL, NULL, NULL, '2015-03-07 03:19:53', '2015-03-07 03:19:53'),
(5, 'Manager', NULL, NULL, NULL, NULL, NULL, NULL, '2015-03-07 03:19:53', '2015-03-07 03:19:53'),
(6, 'Asistente', NULL, NULL, NULL, NULL, NULL, NULL, '2015-03-07 03:19:53', '2015-03-07 03:19:53');

--
-- Volcado de datos para la tabla `role_user`
--

INSERT INTO `role_user` (`user_id`, `role_id`) VALUES
(1, 1),
(2, 1),
(3, 1);


--
-- Volcado de datos para la tabla `asignaturas`
--

INSERT INTO `asignaturas` (`id`, `materia_id`, `grupo_id`, `profesor_id`, `creditos`, `orden`, `created_by`, `updated_by`, `deleted_by`, `deleted_at`, `created_at`, `updated_at`) VALUES
(1, 1, 9, NULL, 1, 3, NULL, NULL, NULL, NULL, '2015-03-09 07:20:18', '2016-06-15 22:50:01'),
(2, 1, 10, NULL, 1, 3, NULL, NULL, NULL, NULL, '2015-03-09 07:20:35', '2016-06-16 02:28:46'),
(3, 1, 11, NULL, 1, 3, NULL, NULL, NULL, NULL, '2015-03-09 07:20:45', '2015-03-09 07:20:45'),
(4, 2, 10, NULL, 4, 10, NULL, NULL, NULL, NULL, '2015-03-09 07:21:21', '2016-06-16 02:32:23'),
(5, 2, 11, NULL, 4, 10, NULL, NULL, NULL, NULL, '2015-03-09 07:21:36', '2016-06-16 02:34:33'),
(6, 2, 12, NULL, 4, 10, NULL, NULL, NULL, NULL, '2015-03-09 07:21:46', '2016-06-16 02:37:14'),
(7, 2, 13, NULL, 4, 11, NULL, NULL, NULL, NULL, '2015-03-09 07:21:56', '2016-06-16 02:53:43'),
(8, 2, 14, NULL, 4, 11, NULL, NULL, NULL, NULL, '2015-03-09 07:22:04', '2016-06-16 02:54:58'),
(9, 3, 9, NULL, 1, 14, NULL, NULL, NULL, NULL, '2015-03-09 18:00:38', '2016-06-16 02:31:25'),
(10, 3, 10, NULL, 1, 14, NULL, NULL, NULL, NULL, '2015-03-09 18:01:06', '2016-06-16 02:32:38'),
(11, 16, 14, NULL, 3, 17, NULL, NULL, NULL, NULL, '2015-03-10 01:09:11', '2016-06-16 02:55:21'),
(12, 16, 13, NULL, 3, 17, NULL, NULL, NULL, NULL, '2015-03-10 01:09:22', '2016-06-16 02:54:18'),
(13, 17, 13, NULL, 2, 18, NULL, NULL, NULL, NULL, '2015-03-10 01:09:35', '2016-06-16 02:54:21'),
(14, 17, 14, NULL, 2, 18, NULL, NULL, NULL, NULL, '2015-03-10 01:09:45', '2016-06-16 02:55:53'),
(15, 12, 12, NULL, 3, 16, NULL, NULL, NULL, NULL, '2015-03-10 01:10:46', '2016-06-16 02:35:29'),
(16, 12, 11, NULL, 3, 16, NULL, NULL, NULL, NULL, '2015-03-10 01:11:00', '2016-06-16 02:35:06'),
(17, 12, 10, NULL, 3, 16, NULL, NULL, NULL, NULL, '2015-03-10 01:11:16', '2016-06-16 02:33:12'),
(18, 12, 9, NULL, 3, 16, NULL, NULL, NULL, NULL, '2015-03-10 01:11:34', '2016-06-15 22:49:43'),
(19, 12, 8, NULL, 2, 10, NULL, NULL, NULL, NULL, '2015-03-10 01:11:49', '2015-03-10 01:11:49'),
(20, 12, 7, NULL, 2, 10, NULL, NULL, NULL, NULL, '2015-03-10 01:12:01', '2016-06-15 22:32:35'),
(21, 12, 5, NULL, 2, 10, NULL, NULL, NULL, NULL, '2015-03-10 01:12:13', '2016-06-15 22:19:59'),
(22, 15, 14, NULL, 4, 16, NULL, NULL, NULL, NULL, '2015-03-10 01:19:33', '2016-06-16 02:55:57'),
(23, 6, 14, NULL, 2, 4, NULL, NULL, NULL, NULL, '2015-03-10 01:21:56', '2016-06-16 02:56:08'),
(25, 22, 14, NULL, 1, 5, NULL, NULL, NULL, NULL, '2015-03-10 01:33:31', '2016-06-16 02:54:39'),
(27, 9, 14, NULL, 1, 9, NULL, NULL, NULL, NULL, '2015-03-10 01:38:29', '2016-06-16 02:54:49'),
(29, 15, 6, NULL, 4, 9, NULL, NULL, NULL, NULL, '2015-03-10 03:32:29', '2016-06-15 22:22:10'),
(30, 5, 6, NULL, 4, 1, NULL, NULL, NULL, NULL, '2015-03-10 03:32:51', '2016-06-15 22:22:20'),
(31, 7, 6, NULL, 4, 3, NULL, NULL, NULL, NULL, '2015-03-10 03:33:05', '2015-03-10 03:33:05'),
(33, 19, 9, NULL, 1, 2, NULL, NULL, NULL, NULL, '2015-03-10 03:34:55', '2016-06-15 22:50:00'),
(34, 19, 10, NULL, 1, 2, NULL, NULL, NULL, NULL, '2015-03-10 03:35:04', '2016-06-16 02:28:28'),
(35, 19, 11, NULL, 1, 2, NULL, NULL, NULL, NULL, '2015-03-10 03:35:07', '2016-06-16 02:36:02'),
(36, 19, 12, NULL, 2, 2, NULL, NULL, NULL, NULL, '2015-03-10 03:35:12', '2016-06-16 02:36:24'),
(37, 19, 13, NULL, 3, 2, NULL, NULL, NULL, NULL, '2015-03-10 03:35:16', '2016-06-16 02:41:14'),
(38, 19, 14, NULL, 3, 2, NULL, NULL, NULL, NULL, '2015-03-10 03:35:23', '2016-06-16 02:50:20'),
(39, 14, 9, NULL, 1, 13, NULL, NULL, NULL, NULL, '2015-03-10 03:37:32', '2016-06-16 02:40:38'),
(40, 14, 10, NULL, 1, 13, NULL, NULL, NULL, NULL, '2015-03-10 03:37:42', '2016-06-16 02:40:21'),
(41, 14, 11, NULL, 1, 13, NULL, NULL, NULL, NULL, '2015-03-10 03:37:50', '2016-06-16 02:39:37'),
(42, 14, 12, NULL, 1, 14, NULL, NULL, NULL, NULL, '2015-03-10 03:37:56', '2016-06-16 02:38:58'),
(43, 14, 13, NULL, 1, 15, NULL, NULL, NULL, NULL, '2015-03-10 03:38:02', '2016-06-16 02:54:11'),
(44, 14, 14, NULL, 1, 15, NULL, NULL, NULL, NULL, '2015-03-10 03:38:06', '2016-06-16 02:55:43'),
(45, 21, 7, NULL, 4, 6, NULL, NULL, NULL, NULL, '2015-03-10 03:39:23', '2016-06-15 22:34:31'),
(46, 21, 8, NULL, 4, 5, NULL, NULL, NULL, NULL, '2015-03-10 03:39:31', '2016-06-15 22:48:20'),
(47, 21, 9, NULL, 4, 10, NULL, NULL, NULL, NULL, '2015-03-10 03:39:44', '2016-06-16 02:30:33'),
(48, 4, 13, NULL, 1, 7, NULL, NULL, NULL, NULL, '2015-03-10 03:40:54', '2016-06-16 02:53:33'),
(49, 4, 14, NULL, 1, 7, NULL, NULL, NULL, NULL, '2015-03-10 03:41:09', '2016-06-16 02:54:44'),
(50, 7, 7, NULL, 1, 3, NULL, NULL, NULL, NULL, '2015-03-10 03:41:31', '2016-06-15 22:33:38'),
(51, 7, 8, NULL, 1, 3, NULL, NULL, NULL, NULL, '2015-03-10 03:41:36', '2016-06-15 22:36:19'),
(52, 7, 9, NULL, 1, 7, NULL, NULL, NULL, NULL, '2015-03-10 03:41:51', '2016-06-16 02:30:17'),
(53, 7, 10, NULL, 1, 7, NULL, NULL, NULL, NULL, '2015-03-10 03:41:58', '2016-06-16 02:31:52'),
(54, 7, 11, NULL, 1, 7, NULL, NULL, NULL, NULL, '2015-03-10 03:42:04', '2016-06-16 02:34:24'),
(55, 7, 12, NULL, 1, 7, NULL, NULL, NULL, NULL, '2015-03-10 03:42:09', '2016-06-16 02:36:50'),
(56, 7, 13, NULL, 1, 8, NULL, NULL, NULL, NULL, '2015-03-10 03:42:20', '2016-06-16 02:53:34'),
(57, 7, 14, NULL, 1, 8, NULL, NULL, NULL, NULL, '2015-03-10 03:42:37', '2016-06-16 02:54:47'),
(58, 15, 7, NULL, 4, 9, NULL, NULL, NULL, NULL, '2015-03-10 03:45:16', '2016-06-15 22:33:20'),
(59, 15, 8, NULL, 4, 8, NULL, NULL, NULL, NULL, '2015-03-10 03:45:44', '2015-03-10 03:45:44'),
(61, 15, 9, NULL, 4, 15, NULL, NULL, NULL, NULL, '2015-03-10 03:46:47', '2016-06-15 22:49:46'),
(62, 15, 10, NULL, 4, 15, NULL, NULL, NULL, NULL, '2015-03-10 03:46:51', '2016-06-16 02:32:24'),
(63, 15, 11, NULL, 4, 15, NULL, NULL, NULL, NULL, '2015-03-10 03:46:56', '2016-06-16 02:34:49'),
(64, 15, 12, NULL, 4, 15, NULL, NULL, NULL, NULL, '2015-03-10 03:47:01', '2016-06-16 02:35:31'),
(67, 15, 13, NULL, 4, 16, NULL, NULL, NULL, NULL, '2015-03-10 03:53:38', '2016-06-16 02:54:14'),
(68, 8, 5, NULL, 4, 5, NULL, NULL, NULL, NULL, '2015-03-10 03:56:27', '2015-03-10 03:56:27'),
(69, 8, 6, NULL, 4, 5, NULL, NULL, NULL, NULL, '2015-03-10 03:56:32', '2015-03-10 03:56:32'),
(70, 8, 7, NULL, 4, 5, NULL, NULL, NULL, NULL, '2015-03-10 03:56:36', '2015-03-10 03:56:36'),
(71, 8, 8, NULL, 4, 5, NULL, NULL, NULL, NULL, '2015-03-10 03:56:41', '2016-06-15 22:48:14'),
(72, 8, 9, NULL, 2, 9, NULL, NULL, NULL, NULL, '2015-03-10 03:56:46', '2016-06-16 02:30:27'),
(73, 8, 10, NULL, 2, 9, NULL, NULL, NULL, NULL, '2015-03-10 03:56:51', '2016-06-16 02:32:16'),
(74, 8, 11, NULL, 2, 9, NULL, NULL, NULL, NULL, '2015-03-10 03:56:54', '2016-06-16 02:34:38'),
(75, 8, 12, NULL, 2, 9, NULL, NULL, NULL, NULL, '2015-03-10 03:56:58', '2016-06-16 02:37:07'),
(76, 8, 13, NULL, 2, 10, NULL, NULL, NULL, NULL, '2015-03-10 03:57:02', '2016-06-16 02:53:37'),
(77, 8, 14, NULL, 2, 10, NULL, NULL, NULL, NULL, '2015-03-10 03:57:12', '2016-06-16 02:54:53'),
(78, 9, 7, NULL, 1, 4, NULL, NULL, NULL, NULL, '2015-03-10 03:59:30', '2016-06-15 22:32:54'),
(79, 9, 8, NULL, 1, 4, NULL, NULL, NULL, NULL, '2015-03-10 03:59:38', '2016-02-23 18:03:16'),
(80, 9, 9, NULL, 1, 8, NULL, NULL, NULL, NULL, '2015-03-10 03:59:44', '2016-06-16 02:30:21'),
(81, 9, 10, NULL, 1, 8, NULL, NULL, NULL, NULL, '2015-03-10 03:59:48', '2016-06-16 02:31:57'),
(82, 9, 11, NULL, 1, 8, NULL, NULL, NULL, NULL, '2015-03-10 03:59:53', '2016-06-16 02:33:51'),
(83, 9, 12, NULL, 1, 8, NULL, NULL, NULL, NULL, '2015-03-10 03:59:57', '2016-06-16 02:36:33'),
(86, 10, 9, NULL, 1, 6, NULL, NULL, NULL, NULL, '2015-03-10 18:33:22', '2016-06-15 22:51:02'),
(87, 22, 9, NULL, 1, 5, NULL, NULL, NULL, NULL, '2015-03-10 18:34:57', '2015-03-10 18:34:57'),
(88, 22, 10, NULL, 1, 5, NULL, NULL, NULL, NULL, '2015-03-10 18:35:33', '2015-03-10 18:35:33'),
(89, 10, 10, NULL, 1, 6, NULL, NULL, NULL, NULL, '2015-03-10 18:35:45', '2016-06-16 02:29:31'),
(90, 10, 11, NULL, 1, 6, NULL, NULL, NULL, NULL, '2015-03-10 18:36:54', '2016-06-16 02:34:12'),
(91, 22, 11, NULL, 1, 5, NULL, NULL, NULL, NULL, '2015-03-10 18:37:21', '2015-03-10 18:37:21'),
(92, 3, 11, NULL, 1, 14, NULL, NULL, NULL, NULL, '2015-03-10 18:37:30', '2016-06-16 02:34:29'),
(93, 3, 12, NULL, 1, 13, NULL, NULL, NULL, NULL, '2015-03-10 18:38:32', '2016-06-16 02:39:04'),
(94, 10, 12, NULL, 1, 6, NULL, NULL, NULL, NULL, '2015-03-10 18:38:50', '2016-06-16 02:36:59'),
(95, 22, 12, NULL, 1, 5, NULL, NULL, NULL, NULL, '2015-03-10 18:38:59', '2015-03-10 18:38:59'),
(96, 22, 13, NULL, 1, 5, NULL, NULL, NULL, NULL, '2015-03-10 18:40:50', '2016-06-16 02:53:30'),
(97, 10, 13, NULL, 2, 6, NULL, NULL, NULL, NULL, '2015-03-10 18:41:13', '2016-06-16 02:53:32'),
(98, 3, 13, NULL, 1, 14, NULL, NULL, NULL, NULL, '2015-03-10 18:41:25', '2016-06-16 02:54:09'),
(99, 10, 14, NULL, 2, 6, NULL, NULL, NULL, NULL, '2015-03-10 18:58:33', '2016-06-16 02:54:41'),
(100, 3, 14, NULL, 1, 14, NULL, NULL, NULL, NULL, '2015-03-10 18:58:57', '2016-06-16 02:55:25'),
(101, 15, 5, NULL, 4, 9, NULL, NULL, NULL, NULL, '2015-03-10 19:02:36', '2015-03-10 19:02:36'),
(102, 11, 5, NULL, 4, 7, NULL, NULL, NULL, NULL, '2015-03-10 19:03:03', '2016-06-15 22:19:52'),
(103, 21, 5, NULL, 4, 6, NULL, NULL, NULL, NULL, '2015-03-10 19:03:19', '2016-06-15 22:19:51'),
(104, 5, 5, NULL, 3, 1, NULL, NULL, NULL, NULL, '2015-03-10 19:04:47', '2016-06-15 22:19:26'),
(105, 11, 7, NULL, 4, 7, NULL, NULL, NULL, NULL, '2015-03-10 20:19:37', '2016-06-15 22:34:32'),
(106, 11, 8, NULL, 4, 6, NULL, NULL, NULL, NULL, '2015-03-10 20:19:45', '2016-06-15 22:36:24'),
(107, 11, 9, NULL, 4, 11, NULL, NULL, NULL, NULL, '2015-03-10 20:19:50', '2016-06-16 02:31:07'),
(108, 11, 10, NULL, 4, 11, NULL, NULL, NULL, NULL, '2015-03-10 20:19:53', '2016-06-16 02:33:09'),
(109, 11, 11, NULL, 4, 11, NULL, NULL, NULL, NULL, '2015-03-10 20:19:58', '2016-06-16 02:34:02'),
(110, 11, 12, NULL, 4, 11, NULL, NULL, NULL, NULL, '2015-03-10 20:20:02', '2016-06-16 02:36:30'),
(111, 11, 13, NULL, 3, 12, NULL, NULL, NULL, NULL, '2015-03-10 20:20:12', '2016-06-16 02:53:49'),
(112, 9, 13, NULL, 1, 9, NULL, NULL, NULL, NULL, '2015-03-10 20:20:40', '2016-06-16 02:53:35'),
(113, 11, 14, NULL, 3, 12, NULL, NULL, NULL, NULL, '2015-03-10 20:20:57', '2016-06-16 02:55:08'),
(114, 23, 1, NULL, 6, 1, NULL, NULL, NULL, NULL, '2015-03-12 04:56:15', '2015-03-12 04:58:45'),
(115, 24, 1, NULL, 2, 2, NULL, NULL, NULL, NULL, '2015-03-12 04:57:58', '2015-03-12 05:02:57'),
(116, 25, 1, NULL, 1, 3, NULL, NULL, NULL, NULL, '2015-03-12 04:58:20', '2015-03-12 05:02:57'),
(117, 26, 1, NULL, 5, 4, NULL, NULL, NULL, NULL, '2015-03-12 04:59:03', '2015-03-12 05:02:58'),
(118, 27, 1, NULL, 5, 5, NULL, NULL, NULL, NULL, '2015-03-12 04:59:30', '2015-03-12 05:02:59'),
(119, 28, 1, NULL, 2, 6, NULL, NULL, NULL, NULL, '2015-03-12 05:00:02', '2015-03-13 06:01:00'),
(120, 23, 2, NULL, 6, 5, NULL, NULL, NULL, NULL, '2015-03-12 05:00:46', '2015-03-12 05:02:44'),
(121, 24, 2, NULL, 2, 6, NULL, NULL, NULL, NULL, '2015-03-12 05:01:02', '2015-03-12 05:02:45'),
(122, 25, 2, NULL, 2, 7, NULL, NULL, NULL, NULL, '2015-03-12 05:01:30', '2015-03-12 05:02:46'),
(123, 26, 2, NULL, 4, 2, NULL, NULL, NULL, NULL, '2015-03-12 05:01:45', '2015-03-12 05:02:40'),
(124, 27, 2, NULL, 5, 3, NULL, NULL, NULL, NULL, '2015-03-12 05:02:04', '2015-03-12 05:02:40'),
(125, 28, 2, NULL, 2, 4, NULL, NULL, NULL, NULL, '2015-03-12 05:02:21', '2015-03-13 05:59:32'),
(126, 23, 3, NULL, 6, 1, NULL, NULL, NULL, NULL, '2015-03-12 06:41:15', '2015-03-12 06:41:15'),
(127, 24, 3, NULL, 4, 1, NULL, NULL, NULL, NULL, '2015-03-12 06:41:28', '2015-03-12 06:41:28'),
(128, 25, 3, NULL, 2, 1, NULL, NULL, NULL, NULL, '2015-03-12 06:41:36', '2015-03-12 06:41:36'),
(129, 26, 3, NULL, 2, 1, NULL, NULL, NULL, NULL, '2015-03-12 06:41:43', '2015-03-12 06:41:43'),
(130, 27, 3, NULL, 2, 1, NULL, NULL, NULL, NULL, '2015-03-12 06:41:49', '2015-03-12 06:41:49'),
(132, 28, 3, NULL, 4, 2, NULL, NULL, NULL, NULL, '2015-03-12 06:48:09', '2015-03-12 06:48:09'),
(133, 12, 3, NULL, 1, 6, NULL, NULL, NULL, NULL, '2015-03-12 06:48:23', '2015-03-12 06:48:23'),
(134, 7, 5, NULL, 1, 3, NULL, NULL, NULL, NULL, '2015-03-13 02:26:25', '2016-06-15 22:19:23'),
(135, 6, 5, NULL, 3, 2, NULL, NULL, NULL, NULL, '2015-03-13 02:26:40', '2015-03-13 02:26:40'),
(136, 13, 5, NULL, 4, 8, NULL, NULL, NULL, NULL, '2015-03-13 02:26:51', '2016-06-15 22:19:55'),
(137, 9, 5, NULL, 1, 4, NULL, NULL, NULL, NULL, '2015-03-13 02:27:50', '2016-06-15 22:19:22'),
(138, 6, 7, NULL, 3, 2, NULL, NULL, NULL, NULL, '2015-03-13 02:28:41', '2015-03-13 02:28:41'),
(139, 13, 7, NULL, 4, 8, NULL, NULL, NULL, NULL, '2015-03-13 03:11:01', '2016-06-15 22:32:43'),
(140, 13, 8, NULL, 4, 7, NULL, NULL, NULL, NULL, '2015-03-13 03:11:06', '2016-02-23 18:06:29'),
(141, 13, 9, NULL, 4, 12, NULL, NULL, NULL, NULL, '2015-03-13 03:11:10', '2016-06-16 02:40:35'),
(142, 13, 10, NULL, 4, 12, NULL, NULL, NULL, NULL, '2015-03-13 03:11:15', '2016-06-16 02:40:18'),
(143, 13, 11, NULL, 4, 12, NULL, NULL, NULL, NULL, '2015-03-13 03:11:20', '2016-06-16 02:39:34'),
(144, 13, 12, NULL, 4, 12, NULL, NULL, NULL, NULL, '2015-03-13 03:11:25', '2016-06-16 02:39:01'),
(145, 13, 13, NULL, 3, 13, NULL, NULL, NULL, NULL, '2015-03-13 03:11:32', '2016-06-16 02:53:50'),
(146, 13, 14, NULL, 3, 13, NULL, NULL, NULL, NULL, '2015-03-13 03:11:36', '2016-06-16 02:55:11'),
(147, 12, 2, NULL, 1, 8, NULL, NULL, NULL, NULL, '2015-03-13 06:00:04', '2015-03-13 06:00:16'),
(148, 12, 1, NULL, 1, 7, NULL, NULL, NULL, NULL, '2015-03-13 06:01:08', '2015-03-13 06:01:08'),
(149, 6, 9, NULL, 3, 4, NULL, NULL, NULL, NULL, '2015-03-13 19:16:45', '2015-03-15 17:32:11'),
(150, 29, 7, NULL, 3, 1, NULL, NULL, NULL, NULL, '2015-03-13 23:34:53', '2015-03-13 23:34:53'),
(151, 29, 8, NULL, 3, 1, NULL, NULL, NULL, NULL, '2015-03-13 23:34:59', '2016-02-23 18:11:19'),
(152, 29, 9, NULL, 3, 1, NULL, NULL, NULL, NULL, '2015-03-13 23:35:03', '2015-03-13 23:35:03'),
(153, 29, 10, NULL, 3, 1, NULL, NULL, NULL, NULL, '2015-03-13 23:35:09', '2015-03-13 23:35:09'),
(154, 29, 11, NULL, 3, 1, NULL, NULL, NULL, NULL, '2015-03-13 23:35:14', '2016-06-16 02:36:02'),
(155, 29, 12, NULL, 3, 1, NULL, NULL, NULL, NULL, '2015-03-13 23:35:18', '2015-03-13 23:35:18'),
(156, 29, 13, NULL, 1, 1, NULL, NULL, NULL, NULL, '2015-03-13 23:35:25', '2015-03-13 23:35:25'),
(157, 29, 14, NULL, 1, 1, NULL, NULL, NULL, NULL, '2015-03-13 23:35:31', '2015-03-13 23:35:31'),
(158, 6, 10, NULL, 3, 4, NULL, NULL, NULL, NULL, '2015-03-15 17:32:32', '2015-03-15 17:32:32'),
(159, 6, 11, NULL, 3, 4, NULL, NULL, NULL, NULL, '2015-03-15 17:32:37', '2015-03-15 17:32:37'),
(160, 6, 12, NULL, 3, 4, NULL, NULL, NULL, NULL, '2015-03-15 17:32:42', '2015-03-15 17:32:42'),
(161, 6, 13, NULL, 2, 4, NULL, NULL, NULL, NULL, '2015-03-15 17:32:48', '2016-06-16 02:43:16'),
(162, 15, 4, NULL, 4, 9, NULL, NULL, NULL, NULL, '2015-03-15 19:24:21', '2016-06-15 22:18:53'),
(163, 11, 4, NULL, 4, 7, NULL, NULL, NULL, NULL, '2015-03-15 19:26:08', '2016-06-15 22:18:32'),
(164, 21, 4, NULL, 4, 6, NULL, NULL, NULL, NULL, '2015-03-15 19:26:19', '2016-06-15 22:18:28'),
(165, 5, 4, NULL, 3, 1, NULL, NULL, NULL, NULL, '2015-03-15 19:26:27', '2016-06-15 22:15:48'),
(166, 6, 4, NULL, 3, 2, NULL, NULL, NULL, NULL, '2015-03-15 19:26:31', '2016-06-15 22:17:59'),
(167, 16, 4, NULL, 2, 10, NULL, NULL, NULL, NULL, '2015-03-15 19:26:36', '2016-06-15 22:15:59'),
(168, 13, 4, NULL, 4, 8, NULL, NULL, NULL, NULL, '2015-03-15 19:26:44', '2016-06-15 22:18:42'),
(169, 9, 4, NULL, 1, 4, NULL, NULL, NULL, NULL, '2015-03-15 19:28:14', '2016-06-15 22:17:21'),
(170, 8, 4, NULL, 4, 5, NULL, NULL, NULL, NULL, '2015-03-15 19:29:04', '2016-06-15 22:17:38'),
(171, 7, 4, NULL, 1, 3, NULL, NULL, NULL, NULL, '2015-03-15 19:29:15', '2016-06-15 22:17:27'),
(172, 21, 6, NULL, 4, 6, NULL, NULL, NULL, NULL, '2015-03-15 19:32:20', '2016-06-15 22:22:05'),
(173, 9, 6, NULL, 1, 4, NULL, NULL, NULL, NULL, '2015-03-15 19:32:37', '2016-06-15 22:22:33'),
(174, 11, 6, NULL, 3, 7, NULL, NULL, NULL, NULL, '2015-03-15 21:24:18', '2016-06-15 22:25:03'),
(175, 13, 6, NULL, 3, 8, NULL, NULL, NULL, NULL, '2015-03-15 21:24:25', '2016-06-15 22:25:04'),
(176, 6, 6, NULL, 3, 2, NULL, NULL, NULL, NULL, '2015-03-15 21:24:39', '2016-06-15 22:21:54'),
(177, 12, 6, NULL, 3, 10, NULL, NULL, NULL, NULL, '2015-03-15 21:24:47', '2016-06-15 22:21:52'),
(179, 6, 8, NULL, 3, 2, NULL, NULL, NULL, NULL, '2015-03-15 21:26:03', '2016-02-23 18:11:15'),
(180, 1, 12, NULL, 1, 3, NULL, NULL, NULL, NULL, '2015-03-17 02:54:54', '2016-06-16 02:36:54'),
(181, 1, 13, NULL, 3, 3, NULL, NULL, NULL, NULL, '2015-03-17 02:55:11', '2016-06-16 02:41:46'),
(182, 1, 14, NULL, 3, 3, NULL, NULL, NULL, NULL, '2015-03-17 02:55:15', '2016-06-16 02:50:21'),
(183, 20, 13, NULL, 2, 19, NULL, NULL, NULL, NULL, '2015-03-17 18:40:55', '2016-06-16 02:54:23'),
(184, 20, 14, NULL, 2, 19, NULL, NULL, NULL, NULL, '2015-03-17 18:41:01', '2016-06-16 02:54:27');
--
-- Volcado de datos para la tabla `tipos_documentos`
--

INSERT INTO `tipos_documentos` (`id`, `tipo`, `abrev`, `created_by`, `updated_by`, `deleted_by`, `deleted_at`, `created_at`, `updated_at`) VALUES
(1, 'CÉDULA', 'CC', NULL, NULL, NULL, NULL, '2015-03-07 03:18:46', '2015-03-07 03:18:46'),
(2, 'PERMISO ESPECIAL DE PERMANENCIA', 'PEP', NULL, NULL, NULL, NULL, '2015-03-07 03:18:46', '2015-03-07 03:18:46'),
(3, 'TARJETA DE IDENTIDAD', 'TI', NULL, NULL, NULL, NULL, '2015-03-07 03:18:46', '2015-03-07 03:18:46'),
(4, 'CÉDULA EXTRANJERA', 'CE', NULL, NULL, NULL, NULL, '2015-03-07 03:18:46', '2015-03-07 03:18:46'),
(5, 'REGISTRO CIVIL', 'RC', NULL, NULL, NULL, NULL, '2015-03-07 03:18:46', '2015-03-07 03:18:46'),
(6, 'NÚMERO DE IDENTIFICACIÓN PERSONAL', 'NIP', NULL, NULL, NULL, NULL, '2015-03-07 03:18:46', '2015-03-07 03:18:46'),
(7, 'NÚMERO ÚNICO DE IDENTIFICACIÓN PERSONAL', 'NUIP', NULL, NULL, NULL, NULL, '2015-03-07 03:18:46', '2015-03-07 03:18:46'),
(8, 'NÚMERO DE SECRETARÍA', 'NES', NULL, NULL, NULL, NULL, '2015-03-07 03:18:46', '2015-03-07 03:18:46'),
(9, 'CERTIFICADO...', 'CCB', NULL, NULL, NULL, NULL, '2015-03-07 03:18:46', '2015-03-07 03:18:46'),
(10, 'PASAPORTE', 'PASP', NULL, NULL, NULL, NULL, '2015-03-07 03:18:46', '2015-03-07 03:18:46');


INSERT INTO `users` (`id`, `username`, `password`, `sexo`, `email`, `imagen_id`, `is_superuser`, `tipo`, `is_active`, `can_ask`, `periodo_id`, `created_by`, `updated_by`, `deleted_by`, `deleted_at`, `remember_token`, `created_at`, `updated_at`) VALUES
(1, 'administrador', '$2y$10$uE0Hkqn0npCLhqCjYXH2o.R6aIsKPmwtXXVeFFCVukY1wDY0n/mnS', 'M', 'davidguerrero777@gmail.com', NULL, 1, 'Usuario', 1, 1, 1, NULL, NULL, NULL, NULL, NULL, '2015-02-24 09:30:00', '2017-11-29 00:01:22'),
(2, 'admin', '$2y$10$D.khA51hR01Njp45AjIwAe3r2bZYJaWrsIJF4BITGCnAgp2g48e2i', 'M', NULL, NULL, 1, 'Usuario', 1, 1, 1, NULL, NULL, NULL, NULL, NULL, '2015-02-24 09:30:00', '2017-11-29 00:01:22'),
(3, 'coordinacion', '$2y$10$D.khA51hR01Njp45AjIwAe3r2bZYJaWrsIJF4BITGCnAgp2g48e2i', 'M', NULL, NULL, 1, 'Usuario', 1, 1, 1, NULL, NULL, NULL, NULL, NULL, '2015-02-24 09:30:00', '2017-11-29 00:01:22');



INSERT INTO `escalas_de_valoracion` (`id`, `desempenio`, `valoracion`, `porc_inicial`, `porc_final`, `descripcion`, `orden`, `perdido`, `year_id`, `icono_infantil`, `icono_adolescente`, `created_by`, `updated_by`, `deleted_by`, `deleted_at`, `created_at`, `updated_at`) VALUES
(1, 'SUPERIOR', 'S', 91, 100, '', 5, 0, 1, NULL, NULL, NULL, NULL, NULL, NULL, '2018-03-09 04:30:48', '2018-03-09 04:30:48'),
(2, 'ALTO', 'A', 81, 90, '', 4, 0, 1, NULL, NULL, NULL, NULL, NULL, NULL, '2018-03-09 04:30:48', '2018-03-09 04:30:48'),
(3, 'BÁSICO', 'B', 70, 80, '', 3, 0, 1, NULL, NULL, NULL, NULL, NULL, NULL, '2018-03-09 04:30:48', '2018-03-09 04:30:48'),
(4, 'BAJO', 'BJ', 40, 69, '', 2, 1, 1, NULL, NULL, NULL, NULL, NULL, NULL, '2018-03-09 04:30:48', '2018-03-09 04:30:48'),
(5, 'MUY BAJO', 'MB', 0, 39, '', 1, 1, 1, NULL, NULL, NULL, NULL, NULL, NULL, '2018-03-09 04:30:48', '2018-03-09 04:30:48');


--
-- Volcado de datos para la tabla `years`
--

INSERT INTO `years` (`id`, `year`, `nombre_colegio`, `abrev_colegio`, `genero_colegio`, `ciudad_id`, `logo_id`, `img_encabezado_id`, `rector_id`, `secretario_id`, `tesorero_id`, `coordinador_academico_id`, `coordinador_disciplinario_id`, `capellan_id`, `psicorientador_id`, `nota_minima_aceptada`, `unidad_displayname`, `unidades_displayname`, `genero_unidad`, `subunidad_displayname`, `subunidades_displayname`, `genero_subunidad`, `resolucion`, `codigo_dane`, `encabezado_certificado`, `frase_final_certificado`, `actual`, `telefono`, `celular`, `website`, `website_myvc`, `alumnos_can_see_notas`, `config_certificado_estudio_id`, `created_by`, `updated_by`, `deleted_by`, `deleted_at`, `created_at`, `updated_at`) VALUES
(1, 2018, 'LICEO ADVENTISTA LIBERTAD', 'LAL', 'M', NULL, NULL, NULL, NULL, NULL, NULL, NULL, NULL, NULL, NULL, '60', 'Competencia', 'Competencias', 'F', 'Indicador', 'Indicadores', 'M', 'RESOLUCIÓN 2563 DE 2014', '381794004629', NULL, NULL, 1, NULL, NULL, NULL, NULL, 1, 1, NULL, NULL, NULL, NULL, '2015-02-24 15:30:00', '2017-01-30 07:00:54');


SET FOREIGN_KEY_CHECKS=1;
COMMIT;

/*!40101 SET CHARACTER_SET_CLIENT=@OLD_CHARACTER_SET_CLIENT */;
/*!40101 SET CHARACTER_SET_RESULTS=@OLD_CHARACTER_SET_RESULTS */;
/*!40101 SET COLLATION_CONNECTION=@OLD_COLLATION_CONNECTION */;
